GPA,AttendanceDays,SocialActivity,PartTimeExperience,Scholarship,YearsEnrolled,Major,TuitionPayment,LivingSituation,CommuteTime,CreditsLastSemester,Hobbies,CampusActivity,GraduationPrediction
1.49816047538945,302,Yes,No,No,1,Science,Loan,Parents,66,2,Arts,None,Dropout
3.8028572256396647,11,No,Yes,Yes,4,Other,Self,Parents,107,15,Sports,Club,Graduate
2.9279757672456204,317,No,Yes,No,2,Arts,Loan,Alone,90,21,Music,StudentCouncil,Dropout
2.3946339367881464,79,Yes,No,No,4,Other,Parents,Alone,22,14,Arts,None,Dropout
0.6240745617697461,215,No,Yes,No,3,Arts,Self,Alone,116,27,Music,Volunteer,Dropout
0.6239780813448106,338,No,Yes,No,4,Other,Self,Alone,50,9,Other,Club,Dropout
0.23233444867279784,263,Yes,Yes,Yes,3,Arts,Self,Alone,36,8,Sports,Volunteer,Dropout
3.4647045830997407,148,No,No,Yes,1,Other,Scholarship,Parents,31,10,Sports,StudentCouncil,Graduate
2.404460046972835,80,Yes,Yes,No,1,Science,Scholarship,Parents,96,15,Other,Club,Dropout
2.832290311184182,214,Yes,Yes,Yes,3,Arts,Scholarship,Parents,22,9,Other,None,Dropout
0.08233797718320979,197,No,No,Yes,4,Arts,Parents,Alone,43,16,Music,StudentCouncil,Dropout
3.8796394086479773,199,Yes,Yes,No,1,Science,Parents,Parents,53,18,Other,None,Graduate
3.329770563201687,24,Yes,Yes,Yes,2,Other,Self,Alone,97,1,Sports,Club,Graduate
0.8493564427131046,88,Yes,No,Yes,1,Arts,Parents,Alone,86,23,Other,Volunteer,Dropout
0.7272998688284025,267,Yes,No,Yes,2,Arts,Loan,Parents,48,22,Arts,StudentCouncil,Dropout
0.7336180394137353,142,Yes,No,No,4,Other,Self,Alone,76,1,Arts,StudentCouncil,Dropout
1.216968971838151,58,Yes,No,Yes,2,Science,Self,Alone,58,5,Music,None,Dropout
2.0990257265289514,364,Yes,Yes,No,2,Other,Loan,Parents,99,18,Sports,Club,Dropout
1.727780074568463,25,Yes,Yes,Yes,2,Other,Self,Alone,38,7,Arts,None,Dropout
1.1649165607921677,46,No,No,Yes,2,Other,Parents,Alone,75,25,Other,Club,Dropout
2.447411578889518,287,No,No,Yes,1,Arts,Scholarship,Parents,40,28,Arts,StudentCouncil,Dropout
0.5579754426081673,265,No,Yes,No,2,Science,Loan,Alone,22,2,Arts,Club,Dropout
1.1685785941408726,15,Yes,No,No,1,Science,Parents,Alone,42,25,Music,StudentCouncil,Dropout
1.4654473731747668,198,Yes,Yes,Yes,2,Other,Loan,Parents,63,13,Other,Club,Dropout
1.8242799368681437,281,No,No,No,3,Arts,Loan,Parents,13,24,Other,Volunteer,Dropout
3.1407038455720544,85,No,Yes,Yes,4,Other,Self,Parents,77,15,Other,Club,Graduate
0.7986951286334389,249,No,No,No,2,Arts,Self,Parents,114,0,Music,Volunteer,Dropout
2.0569377536544464,269,Yes,No,No,3,Arts,Parents,Alone,76,20,Other,Club,Dropout
2.36965827544817,334,No,Yes,Yes,2,Arts,Loan,Alone,55,2,Other,Club,Dropout
0.1858016508799909,116,No,No,Yes,2,Arts,Self,Parents,39,21,Arts,None,Dropout
2.4301794076057535,6,Yes,Yes,Yes,2,Science,Self,Alone,86,25,Arts,None,Dropout
0.6820964947491661,136,No,Yes,Yes,3,Arts,Loan,Alone,9,17,Other,StudentCouncil,Dropout
0.26020637194111806,175,Yes,Yes,No,4,Arts,Parents,Parents,18,8,Sports,None,Dropout
3.795542149013333,327,Yes,Yes,No,3,Other,Parents,Parents,96,5,Sports,Club,Graduate
3.8625281322982374,314,Yes,Yes,No,4,Other,Loan,Alone,34,22,Other,None,Graduate
3.2335893924658445,214,No,No,Yes,2,Science,Parents,Parents,8,20,Sports,Club,Graduate
1.2184550766934827,81,No,No,Yes,1,Other,Self,Parents,43,24,Music,Volunteer,Dropout
0.3906884560255355,222,Yes,Yes,No,2,Arts,Loan,Parents,88,0,Arts,Club,Dropout
2.7369321060486276,102,No,No,Yes,4,Other,Self,Alone,68,20,Music,StudentCouncil,Dropout
1.7606099749584052,272,No,Yes,No,3,Science,Scholarship,Parents,29,26,Arts,Volunteer,Dropout
0.4881529393791153,13,No,No,No,2,Other,Scholarship,Alone,32,9,Sports,StudentCouncil,Dropout
1.9807076404450807,158,No,No,No,3,Other,Parents,Alone,80,26,Sports,StudentCouncil,Dropout
0.13755408446087358,151,Yes,No,No,3,Science,Scholarship,Alone,70,5,Other,StudentCouncil,Dropout
3.6372816083151283,107,No,No,No,3,Science,Self,Parents,111,22,Sports,None,Graduate
1.0351199264000677,187,Yes,Yes,Yes,2,Arts,Scholarship,Parents,82,11,Sports,StudentCouncil,Dropout
2.650089137415928,300,Yes,Yes,Yes,3,Other,Self,Parents,26,3,Other,Volunteer,Dropout
1.2468443043576438,97,No,No,Yes,3,Arts,Parents,Parents,35,27,Other,Club,Dropout
2.0802720847112433,130,Yes,No,No,2,Other,Parents,Parents,27,12,Arts,StudentCouncil,Dropout
2.1868411173731186,292,No,Yes,No,3,Other,Self,Alone,52,16,Sports,Volunteer,Dropout
0.7394178221021082,170,No,No,No,2,Arts,Scholarship,Alone,24,26,Arts,StudentCouncil,Dropout
3.8783385110582342,182,Yes,Yes,No,4,Other,Parents,Alone,42,7,Arts,Club,Graduate
3.100531293444458,363,Yes,Yes,Yes,4,Other,Loan,Parents,59,25,Music,Volunteer,Graduate
3.7579957662567565,38,Yes,Yes,Yes,4,Other,Parents,Alone,72,19,Sports,Volunteer,Graduate
3.5793094017105953,14,Yes,No,No,3,Science,Scholarship,Alone,83,2,Sports,Club,Graduate
2.3915999152443406,3,No,Yes,No,1,Arts,Loan,Parents,92,11,Music,Volunteer,Dropout
3.6874969400924673,348,No,No,No,1,Science,Scholarship,Parents,93,6,Arts,Club,Graduate
0.353970008207678,209,No,Yes,Yes,3,Arts,Self,Alone,5,11,Sports,Volunteer,Dropout
0.7839314496765808,160,Yes,No,Yes,1,Arts,Loan,Alone,11,1,Arts,Volunteer,Dropout
0.18090915564215226,15,Yes,No,Yes,2,Other,Scholarship,Parents,61,23,Music,Club,Dropout
1.3013213230530574,107,Yes,No,No,1,Arts,Loan,Parents,99,13,Other,Club,Dropout
1.554709158757928,310,No,Yes,No,3,Science,Scholarship,Parents,16,21,Arts,Volunteer,Dropout
1.0853961270955836,226,Yes,Yes,Yes,3,Science,Loan,Parents,110,22,Sports,Volunteer,Dropout
3.3149500366077174,169,No,No,No,2,Science,Scholarship,Alone,9,29,Other,Club,Graduate
1.4270133067743571,33,Yes,No,Yes,4,Arts,Self,Alone,112,4,Arts,None,Dropout
1.123738038749523,250,No,No,No,3,Science,Loan,Parents,54,8,Arts,Club,Dropout
2.170784332632994,246,No,Yes,Yes,2,Arts,Loan,Alone,46,20,Other,Volunteer,Dropout
0.5636968998990506,268,Yes,Yes,No,1,Science,Loan,Alone,106,10,Other,Volunteer,Dropout
3.2087879230161587,140,Yes,Yes,Yes,1,Science,Loan,Parents,16,4,Other,Volunteer,Graduate
0.2982025747190833,273,No,Yes,Yes,2,Arts,Self,Alone,107,2,Sports,Club,Dropout
3.947547746402069,95,No,No,Yes,2,Science,Loan,Alone,22,26,Sports,Volunteer,Graduate
3.0889790771866297,226,Yes,No,Yes,3,Other,Parents,Alone,70,16,Arts,None,Graduate
0.7948627261366896,38,Yes,Yes,Yes,1,Arts,Self,Parents,78,1,Arts,StudentCouncil,Dropout
0.022088468494409597,301,No,Yes,Yes,2,Arts,Parents,Parents,83,23,Music,None,Dropout
3.2618457138193366,28,Yes,No,No,1,Arts,Loan,Alone,98,0,Sports,Club,Graduate
2.8274293753904685,317,No,Yes,No,2,Other,Scholarship,Parents,112,6,Arts,Volunteer,Dropout
2.9160286721639492,244,No,Yes,No,1,Arts,Parents,Parents,21,29,Other,Club,Dropout
3.085081386743783,235,Yes,Yes,Yes,4,Science,Loan,Parents,72,13,Other,StudentCouncil,Graduate
0.29617860693636144,184,Yes,Yes,Yes,3,Science,Parents,Alone,75,4,Sports,Club,Dropout
1.4338629141770904,271,Yes,Yes,No,1,Science,Loan,Alone,66,18,Other,Volunteer,Dropout
0.46347623810051886,235,Yes,Yes,Yes,4,Arts,Loan,Parents,45,27,Music,StudentCouncil,Dropout
3.452413703502374,238,Yes,No,Yes,1,Science,Loan,Alone,99,27,Arts,StudentCouncil,Graduate
2.4931925073102317,265,No,Yes,Yes,1,Arts,Scholarship,Alone,119,10,Arts,Volunteer,Dropout
1.3235920994105967,358,No,Yes,Yes,4,Science,Parents,Alone,107,22,Arts,Volunteer,Dropout
0.25423340114409454,339,Yes,No,Yes,1,Other,Self,Alone,38,24,Sports,Volunteer,Dropout
1.2439292868626488,64,Yes,No,No,1,Other,Self,Alone,74,1,Other,Club,Dropout
1.3007332881069882,176,Yes,No,No,3,Other,Self,Parents,118,7,Music,None,Dropout
2.9184247133522563,2,No,Yes,No,4,Other,Self,Alone,106,8,Sports,Club,Dropout
2.5502298854208525,141,Yes,No,No,4,Arts,Loan,Alone,49,26,Arts,Club,Dropout
3.548850970305306,157,Yes,Yes,No,2,Science,Parents,Alone,62,2,Music,None,Graduate
1.8888597006477972,323,No,Yes,Yes,1,Other,Parents,Parents,55,1,Arts,Volunteer,Dropout
0.4783769837532068,145,No,Yes,Yes,3,Arts,Scholarship,Parents,38,6,Arts,Volunteer,Dropout
2.85297914889198,292,Yes,No,Yes,1,Other,Parents,Parents,48,4,Sports,None,Dropout
3.0431401944675898,152,Yes,No,Yes,1,Other,Parents,Alone,19,20,Arts,None,Graduate
2.245108790277985,192,Yes,No,No,2,Arts,Parents,Parents,82,25,Music,Club,Dropout
3.083868719818244,72,No,No,No,1,Arts,Scholarship,Parents,74,4,Arts,StudentCouncil,Graduate
1.975182385457563,304,Yes,No,No,3,Science,Self,Parents,54,19,Other,None,Dropout
2.0909313175279762,343,Yes,Yes,Yes,3,Science,Parents,Parents,105,12,Arts,Club,Dropout
1.7101640734341985,139,Yes,Yes,No,2,Other,Scholarship,Alone,118,20,Sports,StudentCouncil,Dropout
0.10167650697638075,186,No,Yes,Yes,1,Other,Scholarship,Parents,36,28,Music,Volunteer,Dropout
0.4315657079732178,292,No,Yes,No,3,Science,Loan,Parents,71,19,Sports,Volunteer,Dropout
0.125716742746937,60,Yes,No,No,1,Science,Scholarship,Alone,7,28,Other,Club,Dropout
2.5456416450551216,197,Yes,No,Yes,1,Arts,Self,Alone,90,5,Arts,Club,Dropout
1.2574239243053067,294,No,Yes,Yes,1,Science,Parents,Parents,90,19,Sports,None,Dropout
2.034282764658811,318,No,No,No,2,Science,Scholarship,Alone,78,17,Sports,Volunteer,Dropout
3.630265895704372,301,No,No,No,1,Other,Self,Parents,55,24,Sports,Club,Graduate
0.9971689165954998,343,No,Yes,Yes,3,Science,Scholarship,Alone,71,1,Sports,Volunteer,Dropout
1.641531692142519,10,No,Yes,No,1,Other,Scholarship,Alone,80,24,Other,Volunteer,Dropout
3.0222045541721947,61,No,No,No,3,Science,Scholarship,Parents,97,25,Other,None,Graduate
0.9151926619664899,332,No,No,Yes,1,Arts,Scholarship,Alone,52,5,Arts,StudentCouncil,Dropout
0.30791963931517197,225,No,Yes,No,3,Science,Scholarship,Parents,21,8,Arts,None,Dropout
1.159005811655072,152,No,Yes,Yes,3,Science,Self,Alone,11,24,Music,Club,Dropout
0.6448851490160177,198,Yes,Yes,No,1,Science,Parents,Parents,17,2,Other,None,Dropout
3.7187906093702923,51,Yes,No,Yes,1,Other,Parents,Alone,70,0,Sports,None,Graduate
3.232481518257668,259,Yes,Yes,No,3,Arts,Parents,Alone,8,0,Sports,Volunteer,Graduate
2.533615026041694,58,No,Yes,Yes,4,Science,Parents,Alone,14,18,Music,None,Dropout
3.485842360750871,71,Yes,No,No,2,Other,Self,Alone,107,4,Sports,Club,Graduate
3.214688307596458,147,No,No,Yes,4,Arts,Loan,Alone,92,12,Music,StudentCouncil,Graduate
0.7462802355441434,348,No,No,No,4,Other,Loan,Parents,21,18,Arts,None,Dropout
3.570235993959911,62,Yes,No,No,1,Other,Self,Alone,56,11,Other,None,Graduate
2.157368967662603,309,No,No,No,2,Arts,Self,Parents,10,15,Music,StudentCouncil,Dropout
3.22976062065625,242,Yes,Yes,No,4,Science,Scholarship,Parents,87,24,Sports,Club,Graduate
3.584365199693973,329,Yes,Yes,No,1,Other,Scholarship,Parents,73,24,Music,Club,Graduate
1.2720138998874555,106,Yes,No,No,4,Other,Scholarship,Alone,100,18,Arts,None,Dropout
0.44020769811070704,225,No,No,No,4,Science,Parents,Parents,78,2,Sports,Volunteer,Dropout
0.9117406501677667,312,Yes,No,No,1,Science,Scholarship,Alone,13,11,Arts,None,Dropout
1.7084311545050253,217,No,No,No,1,Arts,Loan,Parents,95,29,Arts,StudentCouncil,Dropout
3.2720590636899725,240,Yes,No,Yes,1,Arts,Parents,Parents,81,4,Music,StudentCouncil,Graduate
3.4429223330253738,258,Yes,Yes,Yes,2,Arts,Scholarship,Parents,87,1,Arts,StudentCouncil,Graduate
0.027808522124762813,261,Yes,Yes,No,4,Science,Parents,Parents,25,21,Sports,None,Dropout
2.042989210310263,4,No,Yes,Yes,1,Other,Loan,Parents,28,6,Arts,None,Dropout
1.669644012595116,260,No,Yes,No,3,Other,Scholarship,Alone,106,12,Arts,Club,Dropout
0.888431241882921,53,No,No,No,4,Arts,Loan,Parents,8,24,Music,Volunteer,Dropout
0.4794614693347312,46,Yes,Yes,Yes,3,Science,Loan,Parents,28,14,Arts,None,Dropout
1.3504606856145118,214,Yes,No,No,2,Other,Loan,Alone,63,21,Other,Club,Dropout
3.7716388156500766,176,No,No,No,1,Arts,Scholarship,Alone,103,2,Music,None,Graduate
1.292811728083021,8,No,No,Yes,3,Other,Self,Alone,7,27,Music,Club,Dropout
2.0751624869734644,98,No,Yes,Yes,2,Other,Scholarship,Parents,72,20,Sports,Club,Dropout
2.8120758355807114,19,No,No,No,1,Science,Loan,Parents,105,19,Sports,Volunteer,Dropout
1.454518409517176,240,No,Yes,Yes,3,Science,Scholarship,Parents,44,4,Sports,None,Dropout
3.8871283308838427,60,No,Yes,Yes,3,Other,Loan,Parents,52,23,Sports,Club,Graduate
3.849789179768445,177,Yes,No,No,2,Arts,Self,Parents,58,7,Other,StudentCouncil,Graduate
1.0071291833014566,337,No,No,Yes,1,Science,Parents,Parents,39,21,Music,StudentCouncil,Dropout
1.9889940235695418,61,Yes,No,Yes,1,Other,Self,Alone,99,0,Arts,StudentCouncil,Dropout
1.2035132392670786,144,Yes,Yes,No,3,Science,Self,Alone,60,7,Sports,Volunteer,Dropout
1.1393619775098704,215,No,No,Yes,3,Science,Parents,Parents,112,23,Sports,Club,Dropout
0.14754778941813118,2,No,Yes,Yes,3,Science,Scholarship,Parents,93,17,Sports,Volunteer,Dropout
2.4382573359195874,159,Yes,No,No,1,Other,Parents,Parents,44,19,Arts,None,Dropout
2.010716092915446,226,No,No,No,2,Arts,Scholarship,Parents,81,27,Sports,None,Dropout
0.2059150049999574,268,No,Yes,No,2,Arts,Scholarship,Parents,72,15,Arts,Club,Dropout
1.1145858569464457,119,Yes,Yes,Yes,1,Arts,Loan,Alone,50,17,Music,StudentCouncil,Dropout
3.633063543866615,88,Yes,Yes,No,4,Science,Loan,Alone,82,19,Music,Club,Graduate
0.9582475626678897,328,Yes,Yes,No,2,Other,Parents,Parents,17,11,Music,Club,Dropout
0.5795794883648924,67,No,Yes,Yes,3,Science,Self,Alone,31,12,Other,Club,Dropout
1.957811041110252,356,Yes,Yes,No,4,Arts,Parents,Parents,10,12,Arts,Volunteer,Dropout
3.942601816442403,97,No,No,No,4,Arts,Scholarship,Parents,21,9,Sports,None,Graduate
0.9682210860460017,266,Yes,No,No,2,Other,Loan,Parents,40,6,Sports,Club,Dropout
2.688542189623514,104,Yes,Yes,No,4,Science,Parents,Alone,108,24,Sports,Club,Dropout
3.0464784613148703,322,Yes,No,Yes,4,Arts,Parents,Alone,117,13,Sports,Club,Graduate
0.9505501759695987,122,No,Yes,No,2,Other,Loan,Parents,103,29,Other,Volunteer,Dropout
2.9128653944474383,28,No,No,No,2,Science,Loan,Alone,85,23,Sports,Volunteer,Dropout
1.471132530877013,136,Yes,No,Yes,4,Science,Loan,Alone,109,15,Other,Volunteer,Dropout
2.529223322374318,194,Yes,Yes,No,3,Arts,Scholarship,Parents,6,14,Arts,Club,Dropout
2.534118843043579,225,Yes,Yes,Yes,1,Arts,Loan,Alone,81,11,Music,StudentCouncil,Dropout
2.143098736299034,331,No,Yes,Yes,4,Science,Self,Alone,56,8,Sports,StudentCouncil,Dropout
0.3611590802176332,169,Yes,No,Yes,4,Science,Parents,Parents,70,7,Music,StudentCouncil,Dropout
3.341209982356952,8,No,Yes,No,3,Arts,Loan,Parents,56,17,Arts,None,Graduate
1.2831202598869433,39,Yes,No,Yes,4,Science,Loan,Alone,96,22,Arts,Club,Dropout
0.7460740415994169,24,Yes,Yes,Yes,4,Arts,Scholarship,Parents,47,17,Sports,StudentCouncil,Dropout
0.16310056621905566,260,Yes,No,Yes,1,Science,Scholarship,Alone,94,12,Arts,StudentCouncil,Dropout
2.3635717727529673,225,Yes,No,No,1,Arts,Parents,Parents,26,27,Music,StudentCouncil,Dropout
2.7102574473691297,123,Yes,Yes,No,1,Other,Self,Parents,115,26,Sports,Club,Dropout
0.06635131571142461,37,Yes,No,No,2,Arts,Parents,Parents,111,17,Other,StudentCouncil,Dropout
2.048372233197124,327,No,No,No,2,Arts,Loan,Parents,59,14,Sports,StudentCouncil,Dropout
0.9059831007917518,250,Yes,Yes,No,1,Other,Self,Alone,71,3,Music,Club,Dropout
2.5806911616377994,175,No,No,No,1,Science,Self,Parents,103,16,Sports,None,Dropout
0.6974657160199658,89,Yes,Yes,No,2,Other,Self,Parents,64,4,Sports,Volunteer,Dropout
2.763750952409864,36,Yes,Yes,Yes,3,Arts,Self,Parents,62,21,Music,StudentCouncil,Dropout
1.5469413852021496,315,No,Yes,Yes,4,Science,Parents,Alone,16,15,Sports,Volunteer,Dropout
3.746919954946938,175,Yes,Yes,Yes,4,Other,Scholarship,Alone,92,8,Sports,None,Graduate
0.550083776583973,283,No,No,Yes,1,Science,Scholarship,Parents,73,9,Music,None,Dropout
1.364265404201034,80,No,No,No,3,Science,Loan,Parents,88,23,Arts,StudentCouncil,Dropout
0.4538940849623563,113,Yes,No,Yes,2,Other,Scholarship,Parents,107,17,Music,Club,Dropout
3.698774473114251,39,No,Yes,Yes,1,Science,Scholarship,Parents,43,16,Sports,None,Graduate
3.509357413523924,300,No,No,Yes,3,Other,Scholarship,Parents,17,17,Other,Volunteer,Graduate
1.0317665108606224,223,Yes,No,Yes,3,Arts,Scholarship,Parents,45,6,Other,Volunteer,Dropout
2.639936184136716,317,No,Yes,No,3,Science,Loan,Alone,61,3,Music,Volunteer,Dropout
3.2688888008048633,348,Yes,Yes,No,2,Arts,Parents,Parents,57,25,Other,Volunteer,Graduate
2.2208032463978493,114,Yes,No,No,2,Arts,Self,Parents,113,4,Sports,None,Dropout
2.118602313424026,185,Yes,Yes,Yes,4,Science,Scholarship,Parents,16,27,Sports,StudentCouncil,Dropout
0.9674091636018067,322,Yes,Yes,No,4,Other,Parents,Parents,17,22,Music,StudentCouncil,Dropout
0.37241107122359685,55,No,Yes,Yes,3,Science,Scholarship,Parents,78,15,Sports,Volunteer,Dropout
3.588863031813307,39,Yes,Yes,No,3,Arts,Scholarship,Parents,101,2,Arts,StudentCouncil,Graduate
3.601672228653322,353,Yes,No,No,2,Arts,Self,Alone,61,25,Sports,Volunteer,Graduate
2.5324058290930718,39,No,Yes,No,4,Other,Self,Alone,44,17,Music,Volunteer,Dropout
1.3561191641948027,346,Yes,Yes,No,3,Science,Self,Alone,84,28,Arts,Club,Dropout
1.3968382984506436,236,Yes,Yes,No,4,Arts,Scholarship,Alone,49,22,Arts,None,Dropout
2.9038227154809575,288,No,Yes,Yes,4,Arts,Scholarship,Alone,39,20,Other,None,Dropout
3.5884410398103084,261,No,Yes,No,3,Arts,Scholarship,Alone,7,13,Sports,Volunteer,Graduate
3.548345697060469,215,No,Yes,Yes,2,Other,Self,Parents,9,14,Music,None,Graduate
3.1195021834304955,146,No,Yes,Yes,3,Arts,Loan,Parents,94,16,Other,StudentCouncil,Graduate
2.568126584617151,335,No,Yes,Yes,3,Arts,Parents,Parents,15,0,Other,Volunteer,Dropout
0.33655985998019533,167,No,No,Yes,4,Science,Loan,Parents,75,24,Sports,Club,Dropout
0.6465148563784551,91,No,Yes,Yes,3,Science,Scholarship,Parents,60,20,Sports,StudentCouncil,Dropout
3.594216754108317,352,Yes,No,No,2,Arts,Scholarship,Parents,14,16,Music,Club,Graduate
2.4257162386383597,58,No,Yes,No,3,Arts,Loan,Alone,110,22,Other,Club,Dropout
0.03678820646651859,58,No,Yes,No,2,Science,Scholarship,Parents,38,24,Music,None,Dropout
0.4058861714641284,303,No,Yes,No,2,Other,Parents,Alone,71,10,Other,None,Dropout
2.6540070764322232,168,Yes,Yes,Yes,4,Other,Scholarship,Alone,76,16,Other,Volunteer,Dropout
0.020246335384874747,268,Yes,No,No,1,Other,Parents,Parents,35,25,Other,None,Dropout
0.6432322056699946,362,No,Yes,No,1,Other,Loan,Parents,79,13,Sports,Club,Dropout
2.1949351574663445,44,No,Yes,Yes,4,Other,Loan,Parents,113,28,Other,Club,Dropout
2.767580790770773,344,No,No,Yes,3,Other,Scholarship,Parents,75,19,Other,StudentCouncil,Dropout
2.607845038010402,180,Yes,No,No,4,Other,Parents,Parents,113,29,Other,Club,Dropout
0.8970772378422391,169,Yes,Yes,No,2,Other,Scholarship,Parents,70,18,Arts,Volunteer,Dropout
2.8487168853901434,355,No,No,Yes,1,Science,Self,Parents,74,20,Sports,Volunteer,Dropout
0.9489963499872003,190,Yes,No,No,4,Other,Self,Alone,45,6,Arts,None,Dropout
1.301598792637071,154,No,No,No,3,Other,Self,Parents,67,23,Sports,None,Dropout
2.9859656204720966,187,Yes,Yes,No,4,Other,Self,Parents,36,12,Music,None,Dropout
2.5985315961888587,6,Yes,Yes,No,1,Arts,Scholarship,Alone,24,17,Arts,Volunteer,Dropout
3.3968936419767117,132,No,Yes,Yes,4,Science,Self,Parents,61,22,Music,Club,Graduate
2.6304515692013735,234,No,No,Yes,4,Science,Parents,Parents,102,29,Other,None,Dropout
2.2732344133418865,44,No,Yes,Yes,1,Science,Loan,Alone,54,13,Music,StudentCouncil,Dropout
0.3746990713123699,313,No,No,No,2,Other,Loan,Parents,84,0,Music,None,Dropout
1.470863212237734,248,Yes,Yes,No,2,Other,Self,Parents,29,6,Music,Volunteer,Dropout
1.0608094707269018,30,Yes,Yes,No,1,Arts,Self,Parents,16,7,Music,None,Dropout
0.9759585735163343,22,Yes,No,No,4,Science,Self,Parents,75,17,Sports,Club,Dropout
3.8920422190097823,159,No,Yes,No,1,Other,Scholarship,Parents,43,8,Arts,None,Graduate
1.5723908986670416,362,Yes,No,Yes,2,Science,Loan,Parents,21,0,Sports,Volunteer,Dropout
3.568186220708453,157,No,No,No,3,Arts,Self,Alone,49,28,Sports,Volunteer,Graduate
2.5245545039890516,38,Yes,Yes,No,4,Arts,Parents,Parents,15,21,Sports,StudentCouncil,Dropout
3.1792452141665937,81,No,No,Yes,2,Arts,Self,Parents,74,16,Music,Volunteer,Graduate
2.0105483724207684,355,No,Yes,No,4,Science,Loan,Alone,27,18,Sports,StudentCouncil,Dropout
2.3076155385054364,257,Yes,Yes,Yes,1,Other,Self,Alone,95,26,Arts,Club,Dropout
1.9700707752754556,205,No,No,Yes,3,Other,Loan,Parents,114,5,Sports,Volunteer,Dropout
0.780971951192178,76,No,Yes,Yes,1,Arts,Self,Alone,74,2,Other,None,Dropout
2.8898084610460213,11,Yes,No,Yes,3,Other,Parents,Parents,42,23,Music,Club,Dropout
1.1230894497634232,294,No,Yes,Yes,4,Arts,Self,Parents,6,4,Other,None,Dropout
0.09726386572581536,223,No,Yes,No,4,Science,Parents,Alone,90,1,Arts,None,Dropout
2.5818891836286713,12,No,Yes,Yes,1,Arts,Parents,Parents,88,19,Arts,None,Dropout
0.7084427176281958,45,Yes,Yes,Yes,3,Science,Self,Parents,93,24,Arts,Club,Dropout
3.761834337411657,154,Yes,Yes,No,3,Arts,Parents,Alone,83,3,Arts,Club,Graduate
3.8157143080103495,112,No,No,No,4,Other,Scholarship,Alone,117,9,Sports,Volunteer,Graduate
3.659457560881794,232,Yes,No,Yes,1,Other,Self,Alone,97,9,Music,None,Graduate
1.4806348010217776,16,No,No,No,3,Arts,Self,Alone,76,23,Arts,StudentCouncil,Dropout
0.061826466115469714,359,No,No,No,4,Other,Parents,Parents,41,20,Other,Volunteer,Dropout
3.7132742503509015,222,No,No,Yes,2,Other,Parents,Alone,53,10,Arts,Club,Graduate
1.7127365932692573,353,No,No,Yes,1,Other,Self,Alone,56,26,Music,StudentCouncil,Dropout
3.8666192761746783,187,No,Yes,No,2,Science,Scholarship,Alone,37,15,Other,Club,Graduate
3.8544799083570114,343,Yes,Yes,Yes,1,Other,Parents,Alone,26,25,Other,StudentCouncil,Graduate
3.4120378218694403,364,No,No,Yes,4,Science,Parents,Alone,118,28,Other,Volunteer,Graduate
1.1777955682783428,162,Yes,No,No,3,Arts,Loan,Parents,115,28,Sports,StudentCouncil,Dropout
1.540390914407701,325,Yes,Yes,Yes,3,Other,Scholarship,Alone,9,29,Arts,Volunteer,Dropout
3.4045466860674276,73,No,Yes,Yes,3,Other,Scholarship,Parents,107,16,Sports,Club,Graduate
1.2676880206251107,232,No,Yes,Yes,1,Other,Self,Alone,22,15,Other,StudentCouncil,Dropout
0.67797098674437,223,Yes,No,Yes,4,Arts,Scholarship,Alone,42,6,Sports,None,Dropout
2.2272050498334006,318,Yes,No,Yes,2,Science,Self,Alone,41,15,Sports,None,Dropout
3.744619096643124,59,Yes,No,No,4,Science,Loan,Alone,98,2,Sports,Club,Graduate
2.784119186699892,334,No,Yes,No,2,Other,Scholarship,Alone,119,25,Arts,StudentCouncil,Dropout
2.28024468035746,221,Yes,Yes,Yes,1,Arts,Parents,Alone,99,15,Other,None,Dropout
0.38870597508307414,36,No,No,No,1,Arts,Loan,Alone,68,7,Other,Volunteer,Dropout
2.460028906796679,277,No,No,Yes,2,Arts,Self,Alone,14,29,Arts,StudentCouncil,Dropout
3.960215400417053,195,No,Yes,Yes,2,Arts,Loan,Parents,83,11,Sports,StudentCouncil,Graduate
0.5603360609460961,351,Yes,Yes,Yes,2,Arts,Self,Alone,46,2,Sports,None,Dropout
2.073318609454947,241,No,Yes,Yes,4,Science,Loan,Parents,52,16,Music,Volunteer,Dropout
3.5094922877118218,323,No,Yes,Yes,2,Science,Self,Alone,48,20,Music,Volunteer,Graduate
2.9630744710168178,218,No,No,No,1,Science,Scholarship,Parents,86,17,Music,Volunteer,Dropout
2.788062963981072,191,No,Yes,No,1,Other,Parents,Alone,91,10,Arts,StudentCouncil,Dropout
2.809936335948437,16,No,Yes,Yes,3,Arts,Self,Alone,101,3,Other,Club,Dropout
1.4379646048790207,11,Yes,Yes,No,2,Other,Loan,Alone,20,15,Music,StudentCouncil,Dropout
1.1743673770579734,192,No,No,Yes,4,Arts,Self,Parents,58,16,Other,StudentCouncil,Dropout
3.2374446219140545,21,No,No,No,4,Science,Self,Parents,106,8,Other,None,Graduate
3.240453578716723,119,Yes,Yes,Yes,4,Other,Self,Parents,39,5,Other,Club,Graduate
3.468289274320415,209,No,Yes,No,3,Science,Loan,Parents,102,23,Arts,Volunteer,Graduate
3.652962210225885,305,Yes,Yes,Yes,1,Arts,Parents,Alone,32,26,Arts,None,Graduate
2.045369595443751,269,No,No,Yes,4,Arts,Scholarship,Alone,6,19,Arts,StudentCouncil,Dropout
2.0060651787487984,191,Yes,No,No,1,Arts,Parents,Alone,98,24,Arts,Club,Dropout
3.1931807158671006,174,Yes,No,No,3,Science,Self,Parents,17,1,Music,Volunteer,Graduate
2.5998557231110606,284,No,Yes,Yes,2,Arts,Loan,Alone,45,8,Sports,Volunteer,Dropout
2.8078675090308134,203,No,No,No,2,Science,Parents,Parents,84,27,Sports,StudentCouncil,Dropout
3.183170677744404,163,No,Yes,Yes,2,Other,Self,Parents,63,20,Sports,Volunteer,Graduate
3.560021367270265,250,Yes,Yes,No,4,Arts,Scholarship,Parents,73,28,Music,Volunteer,Graduate
1.3519806274061432,226,Yes,Yes,No,2,Arts,Scholarship,Parents,96,5,Sports,Club,Dropout
1.502331810559776,6,Yes,No,Yes,4,Arts,Scholarship,Parents,57,2,Music,None,Dropout
0.375927759363476,28,No,Yes,No,3,Other,Self,Alone,107,19,Music,Club,Dropout
2.313120563984696,32,Yes,No,No,3,Arts,Loan,Parents,49,5,Music,None,Dropout
0.14376909518696834,133,Yes,No,Yes,4,Science,Parents,Parents,24,6,Sports,None,Dropout
1.8623920725298406,78,No,Yes,No,1,Science,Scholarship,Alone,28,0,Other,None,Dropout
2.1705785388303065,57,Yes,Yes,Yes,2,Arts,Self,Parents,65,22,Sports,Volunteer,Dropout
1.1461650085131376,25,Yes,No,Yes,2,Arts,Self,Parents,95,0,Sports,Club,Dropout
2.363333042276043,225,No,Yes,Yes,2,Other,Parents,Alone,98,4,Arts,Volunteer,Dropout
0.12200099975619771,284,Yes,No,Yes,4,Other,Scholarship,Alone,62,5,Music,StudentCouncil,Dropout
0.14939275499685767,3,No,Yes,Yes,3,Other,Self,Alone,113,12,Other,Club,Dropout
3.290402242638633,98,No,No,No,2,Arts,Parents,Parents,31,1,Arts,None,Graduate
1.4407625656450516,38,No,No,Yes,3,Other,Loan,Alone,30,14,Other,Volunteer,Dropout
0.5082420506075391,270,No,No,Yes,2,Other,Loan,Alone,11,14,Other,Volunteer,Dropout
2.0889730402192175,284,No,No,No,2,Science,Loan,Alone,46,12,Music,Club,Dropout
3.0799742123944434,156,Yes,Yes,No,4,Other,Scholarship,Parents,51,25,Sports,Club,Graduate
0.8632841099873727,74,Yes,Yes,No,1,Science,Parents,Alone,57,24,Music,None,Dropout
2.491561903276001,287,No,No,Yes,4,Science,Parents,Parents,63,13,Music,None,Dropout
0.341389859975072,129,No,No,Yes,2,Other,Self,Parents,42,25,Arts,StudentCouncil,Dropout
0.2067268846744308,174,Yes,Yes,Yes,2,Science,Self,Alone,73,21,Music,None,Dropout
2.125418526272592,83,No,Yes,No,1,Arts,Self,Parents,91,6,Sports,Volunteer,Dropout
2.162540486440426,21,No,Yes,Yes,3,Arts,Parents,Parents,96,13,Other,StudentCouncil,Dropout
2.549719605992826,26,No,Yes,No,3,Other,Self,Alone,102,25,Music,StudentCouncil,Dropout
2.904365334890646,194,Yes,Yes,Yes,2,Arts,Parents,Parents,57,23,Other,StudentCouncil,Dropout
3.9034083178501384,336,Yes,Yes,No,3,Science,Parents,Alone,19,26,Music,Club,Graduate
2.0652013932047812,235,No,No,Yes,2,Arts,Loan,Parents,100,28,Other,None,Dropout
1.2918258917649839,91,No,Yes,Yes,1,Other,Self,Parents,30,9,Music,StudentCouncil,Dropout
3.1807447790748147,20,Yes,Yes,Yes,1,Other,Loan,Alone,52,16,Arts,Club,Graduate
1.0833290050482969,302,Yes,No,No,2,Science,Scholarship,Alone,99,13,Other,Club,Dropout
1.7558856828225444,356,No,Yes,No,1,Other,Scholarship,Parents,23,7,Music,StudentCouncil,Dropout
0.31382552536906383,83,No,Yes,Yes,4,Arts,Scholarship,Parents,13,3,Music,StudentCouncil,Dropout
0.10140297366183004,261,Yes,Yes,Yes,4,Other,Parents,Alone,68,25,Arts,Volunteer,Dropout
3.8505936587117002,146,Yes,Yes,Yes,1,Science,Parents,Parents,97,15,Arts,StudentCouncil,Graduate
3.3439204820488233,256,Yes,Yes,No,2,Other,Parents,Parents,58,23,Arts,Volunteer,Graduate
2.783896824374792,57,No,No,Yes,2,Arts,Self,Parents,55,12,Other,StudentCouncil,Dropout
1.6358117776570795,14,Yes,Yes,Yes,1,Science,Loan,Parents,43,21,Other,StudentCouncil,Dropout
0.6931772802833831,161,No,No,Yes,3,Arts,Parents,Alone,8,26,Arts,None,Dropout
0.6257481706843442,162,Yes,No,Yes,4,Science,Loan,Alone,7,24,Sports,StudentCouncil,Dropout
1.0009715926583813,319,Yes,Yes,No,3,Other,Loan,Alone,68,26,Sports,StudentCouncil,Dropout
2.196906658824482,280,Yes,No,No,2,Science,Loan,Alone,33,19,Music,Volunteer,Dropout
2.8583836908002493,279,Yes,Yes,Yes,2,Science,Self,Alone,15,17,Sports,Volunteer,Dropout
2.640789506870925,11,No,No,Yes,3,Other,Self,Alone,101,13,Music,None,Dropout
1.1197355877837714,273,No,No,No,1,Arts,Scholarship,Parents,106,17,Other,StudentCouncil,Dropout
3.8194611226527764,270,Yes,Yes,No,3,Other,Scholarship,Alone,62,4,Other,StudentCouncil,Graduate
2.951587666783074,207,No,Yes,Yes,3,Science,Loan,Parents,79,25,Sports,Volunteer,Dropout
2.2174162100456027,26,Yes,Yes,No,4,Other,Scholarship,Parents,31,8,Other,Club,Dropout
2.446882984937409,71,Yes,Yes,No,4,Science,Loan,Parents,101,27,Arts,Club,Dropout
1.6784002497111596,59,Yes,Yes,Yes,3,Other,Self,Alone,25,2,Arts,Club,Dropout
0.9909239580046298,144,Yes,No,No,3,Other,Self,Parents,43,7,Sports,Volunteer,Dropout
1.4238907146050463,92,No,No,No,2,Arts,Self,Alone,99,19,Sports,Volunteer,Dropout
3.0313844418574765,308,Yes,No,Yes,4,Science,Parents,Parents,106,21,Music,Club,Graduate
0.057573954519023474,7,Yes,No,Yes,4,Arts,Loan,Parents,50,9,Other,Club,Dropout
0.46429056202766494,78,No,No,No,2,Science,Self,Alone,70,21,Music,StudentCouncil,Dropout
0.184010568087011,26,Yes,No,Yes,1,Other,Loan,Parents,95,18,Music,Volunteer,Dropout
0.16291520927588055,173,Yes,No,No,4,Science,Scholarship,Parents,40,29,Arts,Volunteer,Dropout
3.421842336044029,49,Yes,Yes,Yes,4,Arts,Scholarship,Parents,79,20,Arts,Club,Graduate
2.8146314375200947,198,No,Yes,No,1,Arts,Self,Parents,115,27,Arts,Club,Dropout
1.8966953163493008,348,Yes,No,Yes,4,Arts,Loan,Alone,86,2,Arts,None,Dropout
0.3913366426040059,180,No,No,No,4,Science,Self,Parents,69,10,Music,Volunteer,Dropout
1.9664635004673294,23,Yes,Yes,No,1,Arts,Scholarship,Parents,67,10,Arts,None,Dropout
1.8938870831222627,315,Yes,Yes,No,1,Arts,Self,Alone,103,16,Other,StudentCouncil,Dropout
0.6928074796400607,45,No,Yes,Yes,3,Arts,Loan,Parents,39,15,Arts,None,Dropout
1.7354065969518921,14,Yes,Yes,Yes,2,Other,Scholarship,Parents,35,6,Arts,Club,Dropout
1.5940189375894938,152,Yes,No,No,2,Other,Parents,Parents,32,3,Arts,Volunteer,Dropout
2.463400392208866,221,No,Yes,No,1,Science,Scholarship,Parents,107,29,Sports,Volunteer,Dropout
2.540374603470575,205,No,No,Yes,1,Science,Parents,Alone,5,22,Other,None,Dropout
0.18121603908817807,272,No,No,Yes,4,Arts,Self,Parents,29,18,Other,None,Dropout
1.4984504585058849,235,No,No,Yes,3,Other,Self,Alone,47,11,Music,StudentCouncil,Dropout
2.5034396628569455,339,No,Yes,Yes,3,Arts,Loan,Parents,106,14,Music,StudentCouncil,Dropout
2.012545034320351,227,Yes,Yes,Yes,1,Arts,Parents,Parents,88,10,Arts,Club,Dropout
3.425959364753289,8,No,No,Yes,4,Other,Self,Parents,71,4,Sports,Club,Graduate
2.63477452647578,165,Yes,No,No,4,Other,Parents,Alone,67,4,Music,Club,Dropout
0.6517377083257188,318,Yes,No,Yes,2,Other,Self,Parents,55,14,Music,None,Dropout
0.2822749896017194,213,Yes,Yes,No,2,Science,Scholarship,Parents,6,28,Arts,None,Dropout
2.5696771128252625,116,No,No,Yes,4,Science,Self,Alone,86,17,Arts,Volunteer,Dropout
0.10604524216648725,343,No,Yes,Yes,2,Arts,Loan,Alone,112,10,Music,Club,Dropout
2.343102325093853,71,Yes,No,No,1,Science,Scholarship,Alone,68,25,Music,None,Dropout
3.7609209656998304,63,No,No,No,4,Other,Loan,Alone,78,11,Other,Volunteer,Graduate
2.301896711503516,204,No,No,Yes,2,Other,Scholarship,Parents,73,1,Sports,Club,Dropout
1.5526797048260876,208,No,Yes,No,3,Science,Parents,Parents,13,19,Other,StudentCouncil,Dropout
2.5731528737694127,71,No,Yes,No,4,Arts,Loan,Parents,6,14,Music,StudentCouncil,Dropout
1.8330115619660665,276,Yes,No,No,4,Arts,Self,Parents,38,19,Other,None,Dropout
2.1824671572637397,273,Yes,Yes,No,3,Science,Parents,Alone,64,3,Other,Volunteer,Dropout
3.7658592351061007,319,No,No,Yes,1,Arts,Self,Parents,106,21,Music,StudentCouncil,Graduate
1.544410551203097,337,Yes,Yes,No,3,Arts,Scholarship,Parents,65,17,Arts,Volunteer,Dropout
3.844762255295657,94,No,Yes,Yes,4,Arts,Scholarship,Parents,35,5,Music,Volunteer,Graduate
3.621402567824255,165,No,Yes,Yes,1,Other,Self,Parents,14,22,Arts,StudentCouncil,Graduate
0.7831645391571858,31,Yes,No,Yes,2,Other,Self,Alone,118,26,Music,Volunteer,Dropout
0.2774452035006618,10,Yes,Yes,Yes,2,Science,Parents,Parents,80,25,Music,StudentCouncil,Dropout
0.4031120055097066,300,Yes,Yes,No,2,Other,Self,Parents,40,18,Music,None,Dropout
0.07288730260619891,216,No,No,No,4,Arts,Loan,Parents,89,10,Sports,Club,Dropout
0.3777718430237136,288,Yes,No,Yes,3,Other,Loan,Alone,53,27,Arts,Club,Dropout
2.7320270936654274,101,No,No,Yes,1,Science,Self,Alone,115,23,Sports,None,Dropout
0.28475459384091595,266,Yes,No,Yes,2,Other,Loan,Parents,74,1,Music,StudentCouncil,Dropout
1.2759025211750452,213,Yes,Yes,Yes,1,Arts,Self,Parents,116,26,Other,StudentCouncil,Dropout
3.3795012438778183,178,No,Yes,No,4,Arts,Parents,Parents,53,7,Sports,StudentCouncil,Graduate
0.09308774294330346,87,No,Yes,Yes,2,Science,Loan,Alone,7,28,Arts,StudentCouncil,Dropout
3.257873930355743,40,No,Yes,No,4,Other,Loan,Parents,78,10,Music,None,Graduate
1.1274190990935997,75,No,Yes,Yes,3,Other,Self,Parents,9,4,Sports,Club,Dropout
0.472659310486625,45,No,No,Yes,4,Other,Loan,Parents,114,17,Other,Volunteer,Dropout
2.7869486614566026,159,No,Yes,Yes,4,Arts,Scholarship,Alone,94,22,Sports,Volunteer,Dropout
2.515771387119536,79,No,Yes,Yes,3,Science,Parents,Parents,65,29,Arts,Club,Dropout
3.509888054108212,309,No,Yes,No,1,Other,Parents,Parents,89,17,Sports,None,Graduate
2.940284175215543,85,Yes,No,No,3,Arts,Loan,Alone,113,13,Other,Volunteer,Dropout
3.2139237215393943,91,No,No,No,3,Arts,Loan,Alone,94,21,Other,Club,Graduate
1.128138290285226,147,No,Yes,Yes,4,Arts,Scholarship,Parents,106,9,Arts,None,Dropout
0.7097581751188913,160,Yes,No,Yes,1,Other,Scholarship,Alone,112,2,Other,Volunteer,Dropout
3.0024590065634333,201,No,No,No,2,Other,Loan,Parents,30,8,Music,StudentCouncil,Graduate
3.227338957069056,241,Yes,No,No,3,Other,Loan,Alone,76,2,Other,StudentCouncil,Graduate
3.962020568002693,352,Yes,No,Yes,1,Other,Scholarship,Alone,9,10,Music,None,Graduate
1.650470707645706,1,No,No,Yes,3,Other,Self,Parents,19,11,Sports,StudentCouncil,Dropout
1.4880723431711327,224,Yes,No,No,3,Other,Scholarship,Parents,20,11,Music,None,Dropout
3.1056518429679874,288,No,No,Yes,3,Other,Self,Parents,5,2,Music,Club,Graduate
1.3632141610120714,232,Yes,Yes,Yes,3,Other,Parents,Alone,20,20,Sports,Club,Dropout
3.723029302414259,76,Yes,Yes,No,4,Other,Parents,Parents,41,6,Other,Volunteer,Graduate
3.433651007372047,115,Yes,No,Yes,1,Arts,Scholarship,Parents,7,13,Music,None,Graduate
1.7159761095000734,153,No,Yes,No,1,Other,Self,Parents,56,23,Other,Volunteer,Dropout
3.0034842711659895,102,No,Yes,Yes,1,Science,Scholarship,Parents,51,27,Sports,Volunteer,Graduate
3.0181714963387294,193,Yes,No,No,3,Arts,Scholarship,Parents,99,10,Arts,Club,Graduate
0.41249547534373043,165,Yes,Yes,Yes,4,Other,Self,Alone,17,6,Other,Volunteer,Dropout
3.6102116267182667,358,No,No,No,3,Science,Scholarship,Parents,84,24,Other,StudentCouncil,Graduate
2.0210094897914286,89,No,No,No,3,Other,Parents,Parents,59,20,Arts,Volunteer,Dropout
3.3058298644309665,173,Yes,No,No,1,Science,Loan,Alone,111,9,Arts,None,Graduate
1.280198404122447,121,Yes,Yes,No,3,Science,Loan,Parents,25,10,Sports,StudentCouncil,Dropout
3.582092913984802,142,No,Yes,Yes,2,Science,Scholarship,Parents,70,14,Other,Club,Graduate
1.5568067149366525,105,No,Yes,Yes,3,Science,Self,Parents,58,18,Other,None,Dropout
0.04335060592119344,304,No,Yes,No,2,Arts,Self,Parents,31,15,Sports,StudentCouncil,Dropout
3.6215279056770546,359,No,No,Yes,3,Arts,Parents,Parents,42,21,Other,None,Graduate
0.36514670714453423,316,No,No,Yes,4,Science,Self,Alone,94,20,Music,StudentCouncil,Dropout
1.2772545503616595,122,Yes,Yes,Yes,4,Other,Self,Alone,62,27,Music,None,Dropout
3.8002478682032197,8,No,No,Yes,1,Science,Parents,Alone,66,19,Music,None,Graduate
3.8024285877502244,261,Yes,No,Yes,3,Arts,Scholarship,Parents,106,11,Other,StudentCouncil,Graduate
2.2937515524931444,72,No,Yes,No,2,Other,Loan,Alone,50,17,Music,Club,Dropout
2.527348848679197,358,Yes,No,No,2,Arts,Parents,Parents,93,22,Music,Club,Dropout
1.793782087913279,222,No,Yes,No,3,Arts,Scholarship,Parents,15,12,Sports,None,Dropout
1.1728430867922581,40,No,No,No,2,Other,Parents,Parents,76,4,Sports,None,Dropout
1.3146581814796638,203,Yes,Yes,Yes,4,Science,Scholarship,Alone,12,3,Arts,Club,Dropout
2.6900738243081537,263,Yes,No,Yes,2,Science,Parents,Alone,101,27,Arts,Club,Dropout
3.00949811775072,327,No,No,No,1,Science,Scholarship,Alone,75,13,Arts,Volunteer,Graduate
3.166316174903394,177,No,Yes,Yes,4,Science,Parents,Parents,68,7,Arts,Club,Graduate
3.1584725711782156,347,No,Yes,Yes,4,Other,Scholarship,Alone,106,8,Sports,None,Graduate
0.36482441219476147,317,No,Yes,No,4,Other,Parents,Parents,25,24,Sports,StudentCouncil,Dropout
1.9776812188103259,83,No,Yes,Yes,3,Other,Loan,Alone,76,18,Sports,Club,Dropout
0.23023504006657713,317,Yes,No,No,3,Arts,Loan,Alone,119,2,Music,Volunteer,Dropout
2.198115529294942,110,Yes,No,No,4,Other,Self,Parents,67,4,Music,Volunteer,Dropout
1.766122005493508,250,No,Yes,Yes,3,Science,Scholarship,Parents,89,20,Arts,Volunteer,Dropout
3.550816731033199,6,Yes,No,Yes,2,Arts,Parents,Alone,68,25,Music,StudentCouncil,Graduate
1.4036600502083147,83,Yes,Yes,No,3,Science,Scholarship,Alone,24,17,Other,Club,Dropout
0.46826806571042345,207,Yes,Yes,No,3,Science,Loan,Alone,12,0,Sports,Club,Dropout
0.5719667282113434,313,No,No,Yes,4,Other,Scholarship,Parents,62,7,Arts,Club,Dropout
3.046042526869889,21,Yes,No,No,1,Other,Parents,Parents,50,18,Arts,StudentCouncil,Graduate
2.4728722532650442,2,No,Yes,No,1,Science,Scholarship,Alone,35,16,Other,StudentCouncil,Dropout
0.404490704491161,126,Yes,Yes,No,1,Science,Parents,Alone,118,16,Music,None,Dropout
0.33642722445998974,296,No,Yes,Yes,2,Arts,Loan,Parents,97,10,Arts,Volunteer,Dropout
2.80387652583648,187,Yes,No,No,3,Other,Loan,Alone,116,1,Music,Volunteer,Dropout
0.2910520254567741,361,No,No,Yes,1,Arts,Loan,Parents,13,5,Music,Club,Dropout
3.287440237161425,13,No,No,No,4,Arts,Self,Parents,19,21,Other,StudentCouncil,Graduate
2.824968908625985,11,Yes,No,Yes,1,Arts,Loan,Parents,98,13,Arts,StudentCouncil,Dropout
0.32539512256759906,86,No,Yes,No,1,Science,Scholarship,Parents,30,2,Music,Club,Dropout
0.33935085634076767,11,No,Yes,Yes,3,Arts,Self,Parents,14,11,Music,Club,Dropout
3.946558314004702,24,No,Yes,Yes,3,Arts,Loan,Parents,33,3,Other,None,Graduate
1.4970831830244813,300,No,Yes,Yes,3,Science,Scholarship,Alone,84,11,Other,Volunteer,Dropout
1.4825685882675637,242,No,Yes,No,2,Other,Scholarship,Parents,40,12,Music,Volunteer,Dropout
3.2511982690300103,121,No,Yes,No,2,Other,Scholarship,Parents,88,1,Other,Volunteer,Graduate
3.788994309535435,146,No,No,No,1,Arts,Parents,Alone,113,1,Music,None,Graduate
3.9440042552914836,54,No,No,Yes,3,Science,Self,Parents,41,14,Arts,Club,Graduate
3.0135127410357665,237,Yes,Yes,No,1,Other,Scholarship,Alone,90,22,Sports,Club,Graduate
1.505038342123663,355,Yes,Yes,Yes,4,Arts,Parents,Parents,75,28,Other,Volunteer,Dropout
0.33400286679467506,172,No,No,No,4,Arts,Loan,Alone,27,16,Sports,Volunteer,Dropout
3.108587663709747,220,No,No,Yes,3,Science,Scholarship,Alone,45,6,Music,None,Graduate
2.23361699894322,118,Yes,No,Yes,3,Arts,Parents,Parents,108,29,Music,StudentCouncil,Dropout
1.6968880369879051,308,Yes,No,Yes,4,Other,Scholarship,Parents,97,27,Music,StudentCouncil,Dropout
3.625417540378944,182,Yes,Yes,No,3,Science,Self,Parents,84,13,Sports,Volunteer,Graduate
0.44478992922460536,287,No,Yes,No,2,Other,Self,Parents,106,11,Music,None,Dropout
1.9705004171634366,306,Yes,Yes,No,2,Other,Loan,Alone,32,29,Other,Volunteer,Dropout
0.045414579069676275,299,No,Yes,Yes,3,Other,Scholarship,Alone,52,16,Arts,StudentCouncil,Dropout
1.874642567976505,81,No,Yes,Yes,4,Arts,Parents,Alone,42,13,Arts,Volunteer,Dropout
0.2252131027273494,210,Yes,No,No,1,Arts,Loan,Parents,35,5,Other,StudentCouncil,Dropout
0.4752716650722877,149,No,Yes,No,3,Other,Scholarship,Alone,18,18,Arts,StudentCouncil,Dropout
0.4701049871084195,36,No,No,No,3,Other,Loan,Parents,101,23,Sports,StudentCouncil,Dropout
2.5968412084642543,351,No,Yes,Yes,1,Science,Parents,Parents,77,5,Music,Club,Dropout
2.984179517061693,311,No,Yes,Yes,3,Science,Loan,Alone,95,26,Music,Club,Dropout
2.3334750603886385,360,Yes,Yes,Yes,1,Arts,Loan,Parents,92,17,Music,Volunteer,Dropout
3.8486901938981677,58,Yes,Yes,Yes,4,Arts,Loan,Alone,81,23,Sports,StudentCouncil,Graduate
1.4994823180948162,130,No,Yes,Yes,2,Science,Scholarship,Parents,94,4,Sports,Club,Dropout
1.142848345127443,201,No,No,No,4,Other,Parents,Alone,33,23,Sports,Volunteer,Dropout
3.474396512757841,242,Yes,No,Yes,2,Arts,Self,Parents,55,23,Other,Volunteer,Graduate
0.8943833540778106,34,No,No,Yes,1,Other,Scholarship,Alone,53,5,Sports,Volunteer,Dropout
3.8528901577624453,92,Yes,Yes,Yes,2,Science,Self,Alone,47,1,Arts,Volunteer,Graduate
0.048617898759265366,206,No,Yes,Yes,4,Arts,Self,Parents,96,7,Other,Volunteer,Dropout
3.879515306830556,352,No,No,Yes,2,Arts,Scholarship,Parents,96,14,Other,None,Graduate
0.17263964780230445,331,Yes,Yes,No,1,Science,Scholarship,Alone,76,14,Other,StudentCouncil,Dropout
3.5645724547922844,304,Yes,Yes,Yes,2,Arts,Parents,Parents,91,10,Sports,Volunteer,Graduate
2.1108044363451994,349,Yes,No,Yes,3,Science,Parents,Parents,97,21,Other,None,Dropout
3.9718591844772013,212,Yes,Yes,Yes,4,Arts,Loan,Parents,9,21,Sports,StudentCouncil,Graduate
0.29518625894159545,158,No,No,No,3,Science,Self,Alone,46,23,Sports,Club,Dropout
2.215417137605283,23,Yes,Yes,No,1,Arts,Parents,Alone,11,0,Other,Volunteer,Dropout
3.877210142476396,292,No,No,No,2,Other,Loan,Parents,46,17,Music,None,Graduate
2.0923913766805953,3,Yes,Yes,Yes,3,Other,Parents,Parents,40,11,Music,Club,Dropout
2.51759455254105,219,Yes,Yes,No,3,Other,Scholarship,Alone,109,11,Other,None,Dropout
2.7829947559384687,363,No,No,Yes,2,Arts,Parents,Parents,31,24,Music,StudentCouncil,Dropout
1.818164259071093,19,Yes,Yes,Yes,2,Arts,Self,Alone,62,10,Arts,StudentCouncil,Dropout
2.5102323203362538,151,Yes,Yes,No,4,Other,Parents,Parents,50,27,Arts,Club,Dropout
2.337257247692401,49,Yes,No,Yes,3,Other,Self,Parents,70,7,Sports,None,Dropout
3.604632041963956,176,Yes,Yes,Yes,3,Science,Scholarship,Parents,29,27,Music,Volunteer,Graduate
0.18178552136583148,95,No,No,Yes,1,Science,Self,Alone,77,6,Arts,Volunteer,Dropout
1.1238527583689213,104,No,Yes,No,4,Science,Parents,Alone,31,22,Other,Club,Dropout
3.801645936306235,249,Yes,Yes,Yes,1,Other,Loan,Alone,5,20,Music,Club,Graduate
3.5610551355636653,116,Yes,Yes,Yes,3,Other,Scholarship,Alone,91,1,Arts,Club,Graduate
1.8226270111428517,353,Yes,Yes,No,1,Other,Parents,Parents,78,10,Arts,None,Dropout
2.480530391206147,227,No,No,Yes,3,Science,Scholarship,Parents,46,21,Other,Volunteer,Dropout
1.1095247319245307,65,No,Yes,Yes,3,Arts,Scholarship,Alone,56,9,Sports,Volunteer,Dropout
0.7524846388950452,334,No,No,No,1,Other,Parents,Parents,29,2,Other,Volunteer,Dropout
1.8547936197599286,261,No,Yes,Yes,1,Arts,Parents,Parents,58,19,Sports,Club,Dropout
1.4134089121042113,294,Yes,Yes,Yes,2,Arts,Loan,Alone,71,28,Arts,Volunteer,Dropout
2.3346244474034883,242,Yes,Yes,Yes,2,Arts,Scholarship,Parents,10,9,Sports,StudentCouncil,Dropout
0.31093854785993935,185,Yes,Yes,Yes,2,Science,Scholarship,Parents,62,27,Arts,Club,Dropout
3.897579230664666,245,No,No,Yes,3,Arts,Parents,Alone,74,26,Arts,Volunteer,Graduate
3.9448429779184115,124,Yes,No,No,1,Other,Self,Parents,57,17,Music,None,Graduate
2.7926468560789806,267,No,No,No,4,Science,Parents,Parents,70,13,Sports,Club,Dropout
2.1443854653764816,130,No,No,No,3,Other,Scholarship,Parents,62,17,Sports,StudentCouncil,Dropout
1.238110465145311,236,Yes,Yes,No,4,Other,Parents,Alone,86,27,Sports,StudentCouncil,Dropout
3.2551800788277947,17,Yes,No,Yes,1,Science,Loan,Alone,91,23,Other,None,Graduate
2.738924690215517,39,Yes,No,Yes,3,Other,Self,Parents,6,7,Music,None,Dropout
0.6504677573795652,20,No,Yes,Yes,4,Other,Parents,Parents,80,9,Music,Club,Dropout
3.64370873797537,224,No,Yes,Yes,4,Science,Loan,Parents,26,21,Music,Club,Graduate
3.290148971692676,354,Yes,Yes,Yes,2,Other,Scholarship,Alone,41,12,Other,StudentCouncil,Graduate
3.799199653167696,281,Yes,Yes,No,2,Arts,Parents,Alone,24,20,Sports,None,Graduate
2.90287803355344,7,No,No,No,2,Other,Scholarship,Alone,107,7,Sports,Club,Dropout
2.4536607837431594,99,Yes,No,Yes,3,Arts,Loan,Parents,28,3,Sports,StudentCouncil,Dropout
1.6729721451624755,239,No,Yes,Yes,1,Other,Scholarship,Parents,116,26,Music,None,Dropout
3.730913933416053,86,No,Yes,Yes,1,Science,Loan,Parents,88,3,Music,StudentCouncil,Graduate
3.4642555580016334,297,Yes,Yes,No,2,Science,Loan,Parents,69,4,Arts,Volunteer,Graduate
0.18087468042475763,13,Yes,No,Yes,2,Other,Loan,Parents,69,0,Other,None,Dropout
0.10546789798900802,333,Yes,No,Yes,2,Science,Parents,Alone,85,16,Other,Club,Dropout
1.5058534675121984,1,Yes,Yes,Yes,4,Other,Scholarship,Parents,5,1,Music,Club,Dropout
3.2422133231273316,292,No,Yes,No,2,Science,Scholarship,Parents,113,29,Arts,Volunteer,Graduate
3.949104517259778,324,No,No,Yes,4,Arts,Self,Parents,98,7,Sports,None,Graduate
0.6016675644141127,40,No,Yes,No,1,Other,Self,Alone,109,6,Music,StudentCouncil,Dropout
2.3765228614085405,317,Yes,Yes,No,3,Arts,Self,Parents,115,14,Other,Club,Dropout
1.523563426524086,315,No,No,No,3,Arts,Self,Alone,7,25,Other,Volunteer,Dropout
3.879657591258413,110,Yes,Yes,No,3,Other,Scholarship,Alone,50,24,Other,Volunteer,Graduate
3.3684756925428347,13,Yes,No,No,3,Arts,Loan,Alone,59,4,Sports,None,Graduate
3.3533148188445514,230,Yes,Yes,No,4,Other,Loan,Alone,79,1,Other,None,Graduate
1.8747726391798811,83,Yes,Yes,Yes,4,Arts,Parents,Alone,92,6,Sports,Club,Dropout
1.6592780093506607,129,Yes,No,Yes,2,Other,Loan,Parents,90,7,Sports,Volunteer,Dropout
1.093628287722825,230,Yes,No,Yes,4,Other,Scholarship,Parents,68,27,Sports,StudentCouncil,Dropout
0.22550198660370846,325,No,Yes,No,2,Science,Scholarship,Alone,112,6,Music,Volunteer,Dropout
3.458889505020213,144,Yes,No,Yes,2,Other,Scholarship,Alone,49,29,Sports,StudentCouncil,Graduate
3.2516040365203103,344,No,Yes,No,3,Other,Parents,Alone,30,6,Arts,StudentCouncil,Graduate
3.9988706931445224,27,No,Yes,No,4,Arts,Self,Parents,81,27,Other,Club,Graduate
3.9865473482956215,65,Yes,No,No,4,Other,Loan,Parents,69,13,Music,Volunteer,Graduate
2.22172682241051,162,Yes,Yes,Yes,2,Science,Scholarship,Alone,28,20,Other,StudentCouncil,Dropout
3.075949660722042,228,Yes,Yes,No,2,Arts,Scholarship,Parents,78,17,Sports,None,Graduate
3.779062919529712,260,No,No,No,1,Arts,Self,Parents,39,5,Music,StudentCouncil,Graduate
3.398589562709646,163,Yes,No,Yes,1,Science,Scholarship,Alone,28,3,Arts,None,Graduate
0.9893924069727906,300,No,Yes,Yes,2,Arts,Loan,Alone,32,9,Sports,None,Dropout
1.802176541240374,302,Yes,No,No,1,Arts,Parents,Parents,104,17,Other,Volunteer,Dropout
0.5166376606059799,286,Yes,No,No,1,Arts,Scholarship,Parents,84,11,Arts,None,Dropout
3.8162041090348895,9,No,No,Yes,2,Arts,Loan,Parents,108,15,Sports,StudentCouncil,Graduate
2.42469853780352,194,No,No,Yes,2,Science,Scholarship,Alone,20,24,Arts,None,Dropout
0.9145712220138509,117,Yes,Yes,Yes,4,Science,Self,Alone,63,6,Sports,Volunteer,Dropout
2.686802737623427,269,No,Yes,No,2,Arts,Scholarship,Alone,85,5,Music,Club,Dropout
2.4725129618315833,79,No,Yes,Yes,2,Arts,Scholarship,Parents,119,27,Sports,StudentCouncil,Dropout
1.432650872131362,92,No,No,Yes,3,Science,Parents,Parents,58,4,Music,StudentCouncil,Dropout
0.4542303687985161,265,No,No,Yes,4,Science,Self,Alone,83,2,Sports,Volunteer,Dropout
2.6862927823711984,331,No,No,No,4,Science,Self,Parents,20,11,Sports,Volunteer,Dropout
2.081230803615173,349,Yes,No,Yes,4,Arts,Parents,Alone,19,14,Other,Volunteer,Dropout
3.0892735669425573,360,Yes,No,Yes,3,Arts,Scholarship,Parents,102,9,Arts,Volunteer,Graduate
2.0806540044479735,256,No,No,Yes,2,Other,Loan,Alone,15,25,Arts,StudentCouncil,Dropout
3.4087260012741605,132,Yes,No,Yes,4,Science,Self,Parents,69,19,Arts,Club,Graduate
2.207627355097942,275,Yes,Yes,Yes,4,Arts,Self,Parents,83,18,Sports,None,Dropout
2.243751886141545,263,No,Yes,No,1,Science,Scholarship,Alone,94,15,Sports,None,Dropout
3.50661441063338,170,Yes,No,No,4,Arts,Scholarship,Alone,119,27,Sports,Club,Graduate
1.6139314648495882,0,No,No,No,2,Science,Self,Alone,72,10,Music,Club,Dropout
0.5360609138025629,312,No,No,Yes,2,Arts,Scholarship,Alone,47,7,Music,Club,Dropout
0.11513070525335589,63,Yes,Yes,No,1,Other,Loan,Alone,73,2,Other,Volunteer,Dropout
3.020549022694476,283,No,Yes,No,4,Other,Self,Parents,103,22,Sports,StudentCouncil,Graduate
2.4812382054138586,120,No,No,No,4,Science,Loan,Alone,17,6,Arts,StudentCouncil,Dropout
2.8163190723968943,106,No,No,Yes,4,Arts,Loan,Alone,14,22,Arts,StudentCouncil,Dropout
0.8518566460356429,174,No,Yes,Yes,3,Arts,Scholarship,Alone,79,28,Other,Volunteer,Dropout
0.545485902347079,203,No,Yes,No,4,Science,Loan,Alone,86,6,Arts,StudentCouncil,Dropout
0.058178662671527714,164,Yes,Yes,No,2,Arts,Scholarship,Alone,102,13,Other,Volunteer,Dropout
1.402350235226388,304,Yes,Yes,Yes,2,Science,Parents,Parents,107,1,Sports,StudentCouncil,Dropout
2.3596707474185323,119,No,No,Yes,3,Arts,Scholarship,Alone,45,9,Arts,Club,Dropout
1.5689761803989293,43,No,Yes,No,3,Science,Loan,Alone,110,18,Sports,None,Dropout
1.7498996880949163,311,Yes,Yes,Yes,4,Arts,Parents,Alone,54,25,Music,None,Dropout
3.6166347779749937,155,No,No,No,1,Science,Scholarship,Parents,91,8,Arts,Volunteer,Graduate
1.3930218680932014,206,Yes,Yes,Yes,3,Arts,Loan,Parents,75,15,Music,StudentCouncil,Dropout
2.055957956639243,107,No,Yes,No,3,Other,Self,Alone,63,18,Arts,None,Dropout
3.1346120509645723,250,No,Yes,No,4,Arts,Self,Alone,43,17,Sports,Club,Graduate
1.5861711292850806,333,No,No,Yes,4,Science,Scholarship,Parents,7,8,Other,Club,Dropout
2.488346800911494,129,No,Yes,No,3,Other,Scholarship,Parents,80,15,Sports,Club,Dropout
3.4494548349869807,292,No,No,No,1,Arts,Self,Parents,11,12,Sports,Volunteer,Graduate
3.7980824946305685,19,No,No,No,3,Other,Loan,Alone,53,9,Sports,Volunteer,Graduate
0.5882939237161517,281,No,Yes,Yes,4,Arts,Loan,Alone,30,24,Arts,StudentCouncil,Dropout
3.7063505006459776,284,Yes,Yes,Yes,4,Other,Loan,Parents,37,19,Other,Club,Graduate
1.9684651723181528,0,Yes,Yes,Yes,3,Science,Scholarship,Alone,105,13,Music,StudentCouncil,Dropout
1.0329775531958334,118,Yes,Yes,No,1,Arts,Parents,Parents,52,11,Sports,StudentCouncil,Dropout
1.8365430249530452,34,No,No,Yes,3,Arts,Parents,Parents,83,24,Arts,Club,Dropout
3.920130301141908,197,No,Yes,No,3,Science,Parents,Parents,6,18,Music,StudentCouncil,Graduate
1.9704723759714784,244,No,Yes,No,4,Other,Parents,Alone,109,6,Sports,None,Dropout
1.3150064411500328,58,No,Yes,Yes,1,Science,Parents,Parents,75,22,Music,Volunteer,Dropout
2.533603417266903,324,No,No,Yes,2,Science,Scholarship,Parents,36,14,Sports,StudentCouncil,Dropout
0.9605824751127723,160,No,Yes,No,1,Other,Scholarship,Alone,8,15,Music,Club,Dropout
0.3034533124346557,178,No,Yes,No,3,Science,Parents,Parents,24,26,Music,Volunteer,Dropout
0.5155188876425969,205,Yes,No,Yes,3,Arts,Scholarship,Alone,118,7,Other,Volunteer,Dropout
0.5121833558310898,11,No,No,Yes,3,Arts,Scholarship,Parents,40,9,Other,StudentCouncil,Dropout
0.6076107740491774,275,Yes,Yes,Yes,1,Arts,Parents,Alone,36,3,Sports,None,Dropout
0.5553086905976405,180,Yes,Yes,No,4,Science,Loan,Parents,32,18,Arts,StudentCouncil,Dropout
2.5634989792128584,241,No,Yes,No,3,Arts,Scholarship,Parents,81,18,Other,None,Dropout
0.7275203375965793,215,No,Yes,No,3,Arts,Loan,Parents,5,27,Music,Volunteer,Dropout
1.3826691332954528,250,Yes,Yes,No,1,Arts,Scholarship,Parents,64,20,Other,StudentCouncil,Dropout
3.5871536396240473,298,Yes,No,No,2,Arts,Scholarship,Parents,60,26,Other,Club,Graduate
1.8958465610514894,125,No,No,Yes,2,Arts,Parents,Alone,39,14,Sports,StudentCouncil,Dropout
2.6702309540841087,216,No,Yes,Yes,4,Arts,Scholarship,Alone,116,13,Other,None,Dropout
0.6892794848065193,305,Yes,Yes,No,4,Science,Self,Parents,34,0,Other,None,Dropout
0.7691560752346831,284,No,No,No,3,Arts,Self,Parents,58,15,Music,StudentCouncil,Dropout
0.16347446506591545,184,No,Yes,Yes,1,Arts,Parents,Parents,40,9,Other,None,Dropout
0.6757402522886582,38,No,Yes,Yes,3,Other,Loan,Alone,59,18,Music,Volunteer,Dropout
1.1143613561278345,222,Yes,Yes,Yes,4,Science,Loan,Alone,93,29,Other,StudentCouncil,Dropout
0.7080419371069873,183,Yes,Yes,Yes,1,Science,Loan,Parents,84,21,Other,None,Dropout
0.35481013502822245,177,Yes,Yes,No,1,Science,Self,Alone,62,2,Arts,StudentCouncil,Dropout
0.48254348440240324,293,No,No,Yes,4,Science,Loan,Parents,87,4,Other,StudentCouncil,Dropout
1.843115072130903,339,No,Yes,No,2,Arts,Loan,Parents,69,8,Music,Club,Dropout
0.82533487362317,150,Yes,Yes,Yes,2,Arts,Parents,Parents,73,17,Music,StudentCouncil,Dropout
1.4570794441923018,125,Yes,Yes,Yes,1,Other,Loan,Alone,55,10,Sports,Club,Dropout
2.0136690834194275,300,Yes,No,Yes,3,Other,Self,Parents,26,15,Sports,None,Dropout
2.761579314517461,307,No,No,No,2,Science,Self,Parents,92,1,Arts,Club,Dropout
0.15724855936439575,335,Yes,No,No,3,Other,Self,Parents,111,11,Music,Club,Dropout
3.1976415956361706,233,Yes,No,Yes,2,Other,Parents,Alone,113,21,Music,Club,Graduate
2.511601557963631,7,No,Yes,No,2,Science,Parents,Alone,105,5,Music,Volunteer,Dropout
0.32703612779548763,340,No,No,No,3,Science,Scholarship,Alone,57,10,Arts,Club,Dropout
3.494314496427109,128,No,Yes,Yes,4,Other,Loan,Parents,104,26,Music,StudentCouncil,Graduate
3.6834896021272527,263,Yes,Yes,Yes,2,Arts,Parents,Alone,40,7,Sports,Club,Graduate
0.244311839419455,156,No,No,No,2,Other,Self,Parents,72,11,Arts,StudentCouncil,Dropout
1.107510592588815,351,No,No,No,3,Other,Self,Alone,40,28,Sports,Club,Dropout
3.2248051191722453,357,Yes,No,No,4,Arts,Parents,Parents,56,26,Sports,Volunteer,Graduate
2.9930387615346334,4,No,No,Yes,2,Arts,Parents,Alone,57,29,Arts,None,Dropout
0.7380840774255093,85,Yes,No,Yes,2,Science,Parents,Parents,86,1,Other,Club,Dropout
0.8373972933468412,174,Yes,Yes,No,4,Science,Scholarship,Alone,54,8,Other,Club,Dropout
1.481888411165528,289,No,No,Yes,2,Other,Self,Alone,84,14,Sports,Volunteer,Dropout
1.9380919407640853,192,No,No,Yes,4,Arts,Scholarship,Alone,45,1,Other,Club,Dropout
2.473019086121184,310,No,No,No,4,Science,Scholarship,Parents,22,28,Music,StudentCouncil,Dropout
1.4756545582790896,118,No,Yes,No,3,Other,Loan,Alone,26,0,Arts,Club,Dropout
1.8501388645325916,217,No,No,Yes,1,Arts,Self,Alone,70,9,Sports,Club,Dropout
2.989883752535026,113,No,Yes,Yes,4,Other,Self,Alone,25,1,Music,None,Dropout
0.1467328115623916,144,Yes,No,No,3,Science,Parents,Alone,104,11,Other,None,Dropout
1.009747777376083,25,Yes,No,Yes,1,Science,Parents,Parents,48,22,Music,Club,Dropout
2.8533983435382098,135,No,Yes,Yes,2,Arts,Loan,Alone,107,7,Other,Volunteer,Dropout
3.5808273507487973,302,Yes,No,No,1,Other,Scholarship,Parents,51,4,Sports,None,Graduate
2.0467097684626645,231,No,Yes,No,4,Arts,Parents,Parents,43,21,Music,Club,Dropout
2.1284539410612626,75,Yes,Yes,Yes,4,Science,Parents,Parents,33,27,Arts,None,Dropout
0.4286880453591042,327,Yes,Yes,Yes,4,Science,Self,Parents,58,0,Sports,Club,Dropout
1.7896494672938186,344,Yes,No,Yes,4,Other,Self,Alone,94,14,Music,None,Dropout
2.1304690658200927,301,No,No,No,4,Other,Parents,Parents,89,5,Music,None,Dropout
0.9698820145389186,288,Yes,No,Yes,3,Other,Self,Parents,21,11,Other,StudentCouncil,Dropout
1.0769729237975239,0,No,Yes,Yes,4,Arts,Loan,Parents,84,7,Sports,Club,Dropout
1.5091366524184906,146,Yes,No,No,3,Other,Parents,Parents,64,12,Sports,Club,Dropout
0.08028479111090547,286,Yes,Yes,No,2,Other,Self,Alone,35,18,Sports,Club,Dropout
1.2883166623327131,141,Yes,No,Yes,4,Science,Loan,Alone,119,26,Sports,Club,Dropout
0.8457920279861786,52,Yes,Yes,No,4,Science,Self,Parents,77,0,Other,None,Dropout
1.3099894087116586,303,Yes,Yes,No,1,Other,Self,Parents,99,10,Arts,StudentCouncil,Dropout
0.47904852727700487,68,No,Yes,Yes,2,Other,Self,Parents,82,19,Sports,StudentCouncil,Dropout
3.56210912295958,360,No,No,No,4,Science,Parents,Alone,53,0,Other,Volunteer,Graduate
2.3743698142161946,89,Yes,Yes,No,4,Other,Scholarship,Alone,105,29,Arts,Club,Dropout
2.7164092765779584,219,Yes,Yes,Yes,2,Arts,Self,Alone,6,7,Arts,Volunteer,Dropout
3.156684954429353,191,Yes,Yes,No,3,Arts,Loan,Alone,52,4,Other,None,Graduate
1.9937687957162291,62,Yes,Yes,Yes,4,Arts,Parents,Alone,114,16,Sports,Volunteer,Dropout
0.34768115234969477,72,No,Yes,Yes,1,Other,Parents,Parents,18,29,Arts,Club,Dropout
2.148426167274191,160,Yes,Yes,No,4,Science,Loan,Alone,63,7,Sports,StudentCouncil,Dropout
2.3473644720835165,168,No,No,No,1,Other,Self,Alone,101,24,Sports,StudentCouncil,Dropout
2.98175789673732,88,Yes,No,No,1,Other,Scholarship,Parents,103,9,Music,Club,Dropout
1.7266381849187176,175,No,Yes,Yes,4,Science,Self,Alone,62,1,Sports,None,Dropout
0.510321211182255,268,Yes,No,No,4,Science,Loan,Alone,107,8,Music,Club,Dropout
1.1351036231948979,72,Yes,No,Yes,1,Science,Parents,Alone,62,23,Arts,None,Dropout
1.4523291855945404,244,No,Yes,No,2,Arts,Scholarship,Parents,115,22,Other,StudentCouncil,Dropout
2.583668965326405,76,Yes,Yes,No,2,Other,Parents,Alone,55,2,Music,None,Dropout
2.2831132186756475,158,Yes,Yes,No,4,Science,Loan,Parents,88,17,Other,Club,Dropout
1.424386903591385,323,Yes,No,Yes,3,Other,Self,Parents,6,6,Arts,Club,Dropout
3.9460609951719188,97,No,Yes,No,2,Arts,Scholarship,Alone,119,14,Sports,Club,Graduate
2.4230992774275486,101,Yes,No,No,4,Arts,Parents,Alone,45,20,Arts,None,Dropout
0.9489071669439779,131,Yes,Yes,Yes,2,Science,Parents,Alone,87,21,Other,None,Dropout
0.40712989048161496,101,No,No,Yes,3,Science,Parents,Alone,105,19,Arts,None,Dropout
0.6114365567373281,18,No,Yes,No,4,Other,Self,Parents,86,17,Sports,StudentCouncil,Dropout
0.9838309135380325,81,No,Yes,No,3,Science,Scholarship,Alone,20,24,Arts,Volunteer,Dropout
0.6427254930382227,278,Yes,No,No,4,Other,Self,Parents,8,2,Sports,Volunteer,Dropout
0.746268096205223,338,Yes,No,Yes,3,Science,Self,Parents,16,27,Music,Club,Dropout
1.1403806747753884,364,Yes,No,Yes,2,Other,Self,Parents,33,29,Other,StudentCouncil,Dropout
0.6934943811790193,330,No,No,Yes,2,Other,Loan,Parents,11,22,Sports,None,Dropout
3.5870616985057007,128,Yes,No,Yes,3,Other,Loan,Parents,18,13,Sports,Club,Graduate
0.32093498264656883,343,Yes,No,No,3,Other,Loan,Alone,16,23,Arts,StudentCouncil,Dropout
2.0980455582810187,309,No,Yes,Yes,3,Arts,Scholarship,Parents,103,1,Music,Club,Dropout
1.641587307958646,88,No,No,Yes,4,Other,Self,Parents,9,13,Sports,StudentCouncil,Dropout
3.9295144676344256,212,No,Yes,Yes,2,Science,Self,Alone,85,21,Music,StudentCouncil,Graduate
0.4481556086722094,142,No,Yes,No,4,Arts,Loan,Alone,110,10,Music,Volunteer,Dropout
1.5914223961829665,64,No,No,No,2,Arts,Self,Parents,36,15,Arts,Club,Dropout
3.8778817331014754,75,Yes,Yes,Yes,1,Other,Self,Parents,78,7,Sports,None,Graduate
3.462028503575921,198,No,No,Yes,4,Arts,Parents,Alone,47,6,Arts,Volunteer,Graduate
3.2682882837971197,142,Yes,No,No,2,Other,Self,Parents,85,10,Other,Volunteer,Graduate
1.0316113081797593,315,Yes,Yes,No,2,Science,Parents,Alone,73,2,Other,None,Dropout
0.6835503495602633,92,No,Yes,No,4,Other,Self,Alone,49,16,Sports,StudentCouncil,Dropout
2.674572879697724,304,No,No,No,4,Arts,Scholarship,Parents,110,13,Music,None,Dropout
3.717503956510343,223,No,No,No,2,Science,Loan,Alone,13,5,Sports,Club,Graduate
2.227051572055719,290,Yes,Yes,No,4,Other,Parents,Parents,53,7,Sports,None,Dropout
2.2864507578795994,101,No,Yes,No,3,Science,Loan,Parents,37,21,Other,StudentCouncil,Dropout
1.1199163746411367,266,No,Yes,No,4,Science,Parents,Parents,104,4,Other,None,Dropout
3.0779717327677476,354,No,Yes,Yes,4,Arts,Parents,Alone,104,26,Music,StudentCouncil,Graduate
0.7481749942300935,109,No,No,Yes,4,Science,Parents,Parents,22,27,Music,StudentCouncil,Dropout
1.2947169456169747,329,No,No,Yes,2,Arts,Scholarship,Alone,13,7,Sports,Club,Dropout
1.7017457544656671,264,Yes,No,Yes,3,Science,Self,Parents,66,1,Arts,None,Dropout
2.03044151473782,2,Yes,No,Yes,1,Other,Parents,Parents,61,14,Sports,None,Dropout
0.969638929660321,84,Yes,Yes,Yes,1,Science,Scholarship,Alone,33,11,Music,Club,Dropout
0.45934729895681414,281,No,Yes,No,3,Other,Parents,Parents,118,16,Arts,StudentCouncil,Dropout
2.4424801697665304,327,No,No,No,3,Other,Self,Parents,82,0,Other,None,Dropout
1.154522212961023,303,No,No,Yes,3,Science,Parents,Alone,29,14,Music,Club,Dropout
2.324952885690449,116,Yes,No,Yes,2,Other,Scholarship,Alone,19,13,Music,StudentCouncil,Dropout
0.6174508610968092,220,No,No,No,1,Science,Self,Alone,10,19,Arts,Club,Dropout
1.92456040741927,153,No,No,No,3,Science,Scholarship,Parents,46,21,Music,None,Dropout
2.1303577302063434,152,No,No,No,2,Other,Self,Alone,33,15,Music,Club,Dropout
0.20729414728970763,11,Yes,No,Yes,1,Other,Self,Alone,83,28,Music,Volunteer,Dropout
1.3464171127756823,132,No,No,No,4,Arts,Loan,Parents,97,8,Music,StudentCouncil,Dropout
0.537658707755897,303,Yes,No,Yes,2,Other,Loan,Alone,8,0,Music,Volunteer,Dropout
0.253499881891071,292,No,Yes,Yes,1,Arts,Loan,Parents,86,27,Music,Volunteer,Dropout
3.959840929559781,299,Yes,No,No,2,Other,Self,Parents,118,16,Music,StudentCouncil,Graduate
1.2894153798988919,227,Yes,Yes,No,1,Science,Parents,Alone,61,28,Music,StudentCouncil,Dropout
3.2394977834185394,270,Yes,Yes,Yes,1,Other,Scholarship,Parents,53,12,Other,Club,Graduate
1.0185626190550554,42,No,No,No,4,Science,Scholarship,Alone,48,20,Music,StudentCouncil,Dropout
2.726010888895717,342,No,No,No,2,Science,Scholarship,Alone,107,25,Other,Volunteer,Dropout
3.040911439558746,325,Yes,Yes,Yes,3,Science,Loan,Alone,84,20,Other,Volunteer,Graduate
2.382554962431377,301,Yes,Yes,No,4,Arts,Self,Alone,79,4,Sports,None,Dropout
1.8863047542006335,363,No,No,Yes,4,Other,Loan,Parents,18,9,Sports,StudentCouncil,Dropout
1.6473636565890741,20,No,Yes,Yes,1,Science,Parents,Parents,7,5,Other,Volunteer,Dropout
1.3954730661719812,106,Yes,No,No,3,Science,Self,Alone,119,23,Other,None,Dropout
3.7181165769913034,335,No,No,Yes,2,Arts,Scholarship,Alone,118,18,Music,None,Graduate
3.3224776311509165,302,No,No,Yes,3,Other,Loan,Parents,66,24,Sports,Club,Graduate
3.8601076426660503,116,No,Yes,No,3,Other,Loan,Alone,110,12,Arts,Volunteer,Graduate
0.4971888939421789,123,No,Yes,No,3,Arts,Parents,Parents,68,0,Sports,Club,Dropout
2.923469900814577,280,Yes,No,No,3,Arts,Parents,Alone,106,19,Other,Volunteer,Dropout
3.7533618272841514,291,No,Yes,Yes,3,Other,Loan,Parents,49,24,Other,Club,Graduate
0.7249322646626406,202,No,Yes,Yes,1,Arts,Parents,Parents,110,14,Music,Club,Dropout
0.26598506946711,50,Yes,Yes,No,1,Other,Scholarship,Parents,86,13,Music,StudentCouncil,Dropout
2.964482597160236,270,Yes,Yes,Yes,4,Other,Parents,Alone,62,7,Sports,Club,Dropout
2.2978924527196476,323,No,Yes,No,1,Science,Parents,Alone,24,9,Music,StudentCouncil,Dropout
3.3673151070330882,276,No,Yes,No,4,Science,Loan,Alone,62,8,Arts,None,Graduate
0.559089506505158,140,No,Yes,Yes,4,Other,Loan,Alone,116,16,Arts,Volunteer,Dropout
3.1810692474395608,274,No,No,No,2,Other,Self,Alone,93,8,Music,None,Graduate
0.8065092801909781,289,Yes,Yes,Yes,3,Other,Self,Parents,61,2,Arts,Volunteer,Dropout
0.654623771462818,333,Yes,Yes,Yes,1,Other,Loan,Parents,106,10,Arts,None,Dropout
0.6570631917239718,51,Yes,Yes,No,2,Other,Parents,Parents,81,11,Sports,Volunteer,Dropout
3.2582988809255284,26,No,Yes,Yes,1,Other,Parents,Parents,72,9,Arts,Club,Graduate
2.6607888827848005,156,No,Yes,No,4,Arts,Self,Parents,82,24,Other,Volunteer,Dropout
2.0922616990764773,238,No,Yes,Yes,1,Other,Self,Parents,101,16,Other,Volunteer,Dropout
1.43532193649401,155,No,Yes,Yes,3,Arts,Self,Parents,96,16,Sports,None,Dropout
3.508802163252433,290,Yes,Yes,Yes,4,Arts,Scholarship,Alone,56,24,Music,None,Graduate
1.5697804296905415,135,Yes,No,No,4,Other,Scholarship,Parents,41,10,Sports,None,Dropout
3.2663977578863084,143,No,Yes,Yes,2,Other,Self,Alone,12,29,Music,StudentCouncil,Graduate
1.7565396342808737,105,Yes,Yes,No,3,Arts,Parents,Parents,48,21,Music,StudentCouncil,Dropout
1.5077777176996303,157,No,Yes,Yes,4,Arts,Self,Parents,102,3,Music,Volunteer,Dropout
1.8507191426784257,145,No,Yes,Yes,3,Other,Scholarship,Alone,112,6,Music,Volunteer,Dropout
1.2055114966565683,1,Yes,No,No,1,Other,Parents,Parents,9,20,Music,Club,Dropout
2.9904375207050045,76,No,No,No,3,Arts,Scholarship,Alone,73,25,Sports,Club,Dropout
2.0108815603699166,131,No,No,No,4,Arts,Parents,Parents,35,13,Music,Volunteer,Dropout
0.9288507805872692,89,Yes,No,No,2,Arts,Scholarship,Alone,49,6,Arts,StudentCouncil,Dropout
3.598298293098274,344,No,No,No,4,Science,Parents,Parents,13,23,Arts,Volunteer,Graduate
1.5355648854928456,349,No,No,Yes,3,Arts,Parents,Alone,110,7,Music,Club,Dropout
2.1742114444559544,262,Yes,No,Yes,3,Science,Parents,Alone,36,0,Arts,StudentCouncil,Dropout
3.6258884438581878,350,No,No,No,4,Other,Parents,Parents,37,23,Other,StudentCouncil,Graduate
2.4969519836559684,107,Yes,No,Yes,3,Other,Loan,Parents,71,21,Sports,Club,Dropout
0.4675921628334563,73,No,No,Yes,1,Arts,Scholarship,Alone,34,3,Sports,Volunteer,Dropout
3.7593284944539005,38,Yes,No,Yes,4,Other,Scholarship,Parents,118,28,Music,None,Graduate
2.5108322122856714,158,Yes,No,No,2,Other,Loan,Alone,80,29,Music,Volunteer,Dropout
1.3396224586283445,70,Yes,No,Yes,4,Other,Parents,Parents,33,11,Other,Volunteer,Dropout
0.557088290653549,311,No,No,Yes,1,Other,Parents,Alone,7,23,Music,Club,Dropout
3.176100757081184,240,Yes,No,Yes,1,Science,Scholarship,Parents,94,2,Arts,StudentCouncil,Graduate
2.480291023714054,297,Yes,No,No,1,Science,Loan,Alone,61,12,Other,Club,Dropout
2.133844367905286,35,Yes,Yes,Yes,1,Arts,Parents,Parents,34,19,Arts,Volunteer,Dropout
3.5755703322038306,83,Yes,No,Yes,1,Arts,Parents,Alone,13,5,Sports,None,Graduate
3.154388844898123,262,Yes,Yes,No,2,Arts,Parents,Alone,30,10,Arts,None,Graduate
0.6066995189310047,309,No,No,No,3,Other,Self,Parents,6,22,Sports,None,Dropout
1.246888271182193,171,No,No,Yes,1,Other,Loan,Parents,66,3,Arts,Club,Dropout
0.993956559257863,172,No,Yes,Yes,1,Science,Parents,Alone,7,19,Sports,StudentCouncil,Dropout
2.975785170290708,361,No,No,No,4,Science,Self,Alone,50,15,Music,Club,Dropout
0.13412973894311753,46,No,Yes,No,2,Arts,Loan,Alone,72,6,Arts,None,Dropout
2.279558739485266,140,No,Yes,No,2,Science,Parents,Alone,29,21,Sports,Volunteer,Dropout
3.049834742962762,117,No,Yes,No,3,Science,Scholarship,Parents,55,28,Arts,StudentCouncil,Graduate
3.507062547046998,276,Yes,No,No,2,Science,Self,Alone,17,10,Other,Club,Graduate
1.3683269948636299,213,No,No,No,4,Science,Self,Alone,107,23,Music,Club,Dropout
3.2850292186880514,219,Yes,No,No,4,Science,Parents,Alone,48,0,Sports,StudentCouncil,Graduate
0.4425269478208289,25,Yes,Yes,Yes,3,Arts,Parents,Parents,39,25,Other,StudentCouncil,Dropout
3.3858091669380728,8,No,Yes,No,4,Arts,Self,Alone,59,28,Arts,Volunteer,Graduate
0.5099546493279297,270,Yes,No,No,1,Science,Scholarship,Parents,91,26,Other,StudentCouncil,Dropout
1.589149162241469,9,Yes,No,Yes,1,Arts,Scholarship,Parents,13,6,Arts,Volunteer,Dropout
3.1891814631182145,120,Yes,No,No,4,Other,Loan,Parents,6,11,Music,None,Graduate
0.5996697093950951,124,Yes,No,No,3,Science,Parents,Parents,65,6,Other,None,Dropout
0.9170055809305659,169,No,No,Yes,2,Other,Scholarship,Parents,45,26,Music,Club,Dropout
2.889010273572265,71,No,Yes,No,3,Arts,Loan,Parents,48,22,Sports,None,Dropout
2.8801461461842974,151,No,Yes,Yes,2,Arts,Scholarship,Parents,68,6,Arts,None,Dropout
2.564590531541189,207,No,Yes,Yes,4,Other,Parents,Alone,35,9,Arts,Volunteer,Dropout
2.7757937778684,48,No,No,Yes,4,Arts,Loan,Alone,112,29,Music,Club,Dropout
2.1708977733903847,153,No,Yes,Yes,1,Science,Loan,Parents,51,15,Music,StudentCouncil,Dropout
1.007196235627811,346,No,Yes,No,2,Other,Loan,Alone,6,25,Sports,Club,Dropout
1.3827839740156778,292,No,Yes,Yes,3,Science,Scholarship,Alone,100,7,Other,None,Dropout
0.7263908672057027,67,No,Yes,Yes,4,Other,Parents,Parents,86,8,Arts,StudentCouncil,Dropout
3.6338022453345133,49,No,Yes,No,3,Arts,Loan,Alone,81,8,Arts,Club,Graduate
2.333567179064482,151,Yes,No,Yes,1,Other,Self,Parents,114,1,Sports,Club,Dropout
1.6034056670545596,18,No,Yes,Yes,2,Other,Parents,Alone,73,12,Sports,Club,Dropout
1.8480232145765307,99,Yes,No,Yes,2,Science,Self,Parents,62,12,Music,Club,Dropout
3.7891333584472613,59,Yes,No,Yes,4,Arts,Self,Parents,110,22,Music,Volunteer,Graduate
0.6134056124643208,166,Yes,No,No,2,Science,Loan,Alone,48,22,Other,Club,Dropout
2.344919328067189,201,Yes,No,Yes,4,Arts,Loan,Alone,78,3,Sports,None,Dropout
2.023554715537864,344,No,No,No,1,Science,Scholarship,Parents,60,24,Other,None,Dropout
2.4458169417385913,145,Yes,Yes,No,2,Other,Scholarship,Parents,47,23,Sports,Volunteer,Dropout
0.07244073528336203,163,No,Yes,Yes,4,Science,Scholarship,Parents,93,11,Arts,StudentCouncil,Dropout
3.488495635776606,241,No,No,Yes,3,Arts,Parents,Alone,38,16,Sports,StudentCouncil,Graduate
3.7284731299344496,68,Yes,No,Yes,4,Arts,Scholarship,Alone,105,1,Sports,None,Graduate
2.2605327343568358,174,No,No,Yes,2,Other,Self,Alone,34,12,Arts,None,Dropout
2.786603295507569,48,Yes,Yes,No,1,Arts,Scholarship,Alone,75,28,Sports,Volunteer,Dropout
3.6899975247091827,107,Yes,No,No,2,Science,Loan,Parents,74,17,Other,StudentCouncil,Graduate
2.8289545372535945,225,No,Yes,No,2,Other,Scholarship,Parents,59,27,Music,StudentCouncil,Dropout
0.6101561716570454,160,No,No,Yes,4,Arts,Parents,Parents,71,27,Music,Club,Dropout
2.3051534406672527,118,Yes,Yes,No,3,Arts,Parents,Parents,17,26,Other,Club,Dropout
2.4268601855314236,148,No,No,Yes,2,Science,Self,Alone,7,14,Arts,Club,Dropout
1.696522685209544,149,No,Yes,Yes,3,Science,Parents,Parents,30,7,Sports,Volunteer,Dropout
2.9457769424988913,292,No,No,Yes,4,Other,Scholarship,Parents,61,14,Other,None,Dropout
3.7374680590760594,142,Yes,Yes,Yes,3,Arts,Loan,Alone,28,0,Music,Volunteer,Graduate
3.7022740516271053,159,Yes,Yes,Yes,4,Science,Parents,Alone,57,19,Music,StudentCouncil,Graduate
1.8033574856165284,10,No,Yes,No,1,Other,Self,Parents,74,9,Other,None,Dropout
0.452952183363021,137,No,Yes,No,3,Arts,Scholarship,Alone,47,11,Music,Club,Dropout
3.9393647958493383,77,No,Yes,Yes,3,Arts,Self,Parents,64,4,Other,Volunteer,Graduate
3.3555923457837364,76,No,Yes,No,1,Other,Parents,Alone,62,8,Music,Volunteer,Graduate
0.4986507248130674,253,No,Yes,Yes,3,Other,Parents,Alone,53,22,Other,Club,Dropout
3.6833675304694893,257,Yes,No,Yes,1,Science,Self,Parents,46,7,Sports,Volunteer,Graduate
3.479585448248513,319,No,No,Yes,2,Arts,Scholarship,Alone,80,15,Sports,Club,Graduate
2.0753522285042885,290,Yes,No,No,4,Arts,Parents,Parents,117,13,Sports,StudentCouncil,Dropout
2.365101742979717,262,No,No,Yes,1,Arts,Loan,Alone,104,26,Sports,None,Dropout
1.596010815480521,84,Yes,No,Yes,3,Other,Parents,Alone,70,24,Music,StudentCouncil,Dropout
0.21904655528812533,145,No,Yes,No,1,Science,Scholarship,Alone,15,12,Arts,StudentCouncil,Dropout
1.3407889665836037,322,Yes,Yes,No,3,Arts,Parents,Alone,107,22,Other,Club,Dropout
3.2114137943920458,41,No,Yes,No,2,Other,Self,Alone,102,20,Arts,Volunteer,Graduate
0.018528092018411435,124,Yes,Yes,Yes,1,Arts,Parents,Parents,94,12,Music,StudentCouncil,Dropout
1.3339966867645767,166,Yes,Yes,Yes,2,Science,Parents,Alone,22,4,Music,StudentCouncil,Dropout
1.5926747743637732,240,Yes,No,No,4,Arts,Scholarship,Parents,89,15,Arts,StudentCouncil,Dropout
2.1495824117516915,279,Yes,No,Yes,3,Science,Self,Alone,104,25,Arts,Volunteer,Dropout
3.679422465651042,187,Yes,No,No,3,Science,Scholarship,Parents,108,10,Music,Volunteer,Graduate
1.385383977463845,301,Yes,No,No,2,Arts,Parents,Alone,56,21,Music,Club,Dropout
1.3878128075849108,18,No,Yes,Yes,4,Arts,Loan,Parents,50,4,Other,StudentCouncil,Dropout
2.9500049924389935,67,Yes,Yes,Yes,1,Science,Parents,Parents,48,12,Sports,None,Dropout
1.8088717635592286,217,No,Yes,No,1,Other,Scholarship,Alone,26,27,Sports,Volunteer,Dropout
0.8984192917599279,101,No,No,No,3,Science,Loan,Alone,57,10,Other,Club,Dropout
1.8097580645307736,41,No,Yes,No,2,Arts,Scholarship,Alone,63,24,Arts,StudentCouncil,Dropout
0.5634280815191994,287,No,No,No,2,Arts,Scholarship,Parents,98,18,Music,None,Dropout
0.7055479460248932,166,No,Yes,Yes,1,Other,Self,Parents,118,2,Arts,Volunteer,Dropout
1.993471090957919,108,Yes,Yes,No,4,Science,Loan,Alone,111,14,Sports,None,Dropout
1.6757017980181916,35,Yes,No,No,4,Science,Parents,Alone,34,6,Sports,Volunteer,Dropout
3.6593836042724,231,Yes,Yes,No,1,Science,Scholarship,Parents,12,6,Arts,Club,Graduate
1.4495755964665324,228,No,Yes,Yes,1,Arts,Parents,Parents,102,5,Sports,None,Dropout
2.322353401112174,352,Yes,No,Yes,2,Science,Self,Alone,61,2,Music,StudentCouncil,Dropout
2.5290571516781215,163,Yes,Yes,No,4,Other,Self,Parents,115,29,Other,StudentCouncil,Dropout
0.052377826353334545,72,Yes,No,Yes,1,Arts,Loan,Alone,77,12,Arts,Volunteer,Dropout
2.6541494880668424,135,Yes,Yes,Yes,1,Arts,Self,Alone,119,6,Music,StudentCouncil,Dropout
0.7121438674790057,352,Yes,Yes,Yes,3,Science,Self,Alone,24,4,Music,None,Dropout
3.8442812698778206,69,No,Yes,No,1,Other,Parents,Parents,108,22,Sports,Club,Graduate
0.5946509110124518,195,Yes,Yes,No,1,Arts,Self,Parents,29,17,Music,Volunteer,Dropout
1.658496494908095,268,No,Yes,Yes,4,Arts,Self,Parents,23,21,Arts,None,Dropout
0.34139867231457544,48,No,Yes,No,2,Science,Scholarship,Parents,9,29,Music,Volunteer,Dropout
3.9874970073837894,315,No,Yes,No,4,Science,Self,Alone,79,7,Other,Club,Graduate
2.0087800413249703,129,No,Yes,Yes,2,Other,Scholarship,Parents,83,16,Music,Volunteer,Dropout
2.381540069280175,4,No,No,Yes,3,Science,Self,Alone,76,19,Music,StudentCouncil,Dropout
0.2683059095537099,26,Yes,No,No,1,Other,Self,Alone,87,26,Other,StudentCouncil,Dropout
2.999841881596711,159,Yes,Yes,Yes,3,Arts,Loan,Alone,91,0,Music,Volunteer,Dropout
0.839622372382343,148,Yes,Yes,No,2,Other,Loan,Parents,31,13,Music,Club,Dropout
3.592217157762855,263,No,No,No,4,Other,Scholarship,Alone,44,16,Sports,Club,Graduate
0.8205585619280287,229,Yes,Yes,Yes,4,Other,Self,Alone,100,9,Arts,StudentCouncil,Dropout
0.7627508826546663,199,Yes,Yes,No,3,Arts,Parents,Parents,30,11,Sports,Club,Dropout
0.14619867139237952,49,No,No,No,2,Science,Loan,Alone,31,15,Arts,Volunteer,Dropout
1.888267780439997,66,No,Yes,Yes,3,Arts,Parents,Parents,66,13,Other,None,Dropout
2.2593645330504657,299,No,Yes,Yes,3,Science,Loan,Parents,87,29,Other,Volunteer,Dropout
0.26283455771340947,57,No,No,Yes,1,Other,Loan,Parents,54,26,Other,StudentCouncil,Dropout
3.1021104667800423,258,Yes,Yes,No,3,Other,Self,Alone,46,15,Arts,StudentCouncil,Graduate
1.8131553389921105,341,No,Yes,Yes,1,Other,Loan,Parents,33,7,Arts,StudentCouncil,Dropout
2.09756107731032,325,No,No,Yes,1,Other,Parents,Parents,43,22,Arts,Club,Dropout
1.7630509877529126,129,Yes,Yes,Yes,4,Other,Loan,Parents,64,27,Other,Volunteer,Dropout
1.603052243501304,214,Yes,No,Yes,1,Science,Scholarship,Parents,45,9,Arts,None,Dropout
2.2385613252328715,171,No,Yes,No,1,Science,Self,Alone,37,28,Music,Volunteer,Dropout
0.62096098372285,257,Yes,Yes,No,4,Other,Self,Parents,87,16,Sports,None,Dropout
0.7277125219810845,101,No,No,Yes,3,Arts,Scholarship,Alone,105,26,Other,Volunteer,Dropout
3.447142484054069,208,No,No,No,2,Arts,Scholarship,Parents,87,29,Sports,StudentCouncil,Graduate
3.784461848534531,290,Yes,Yes,Yes,2,Other,Scholarship,Alone,101,28,Music,None,Graduate
1.4932372651190118,353,Yes,No,Yes,2,Science,Loan,Parents,115,17,Arts,Volunteer,Dropout
1.082978692574215,285,No,No,No,3,Arts,Self,Alone,20,19,Sports,Club,Dropout
2.575998172956063,115,No,Yes,No,1,Arts,Scholarship,Parents,27,15,Music,Club,Dropout
1.6349366843923856,263,No,Yes,Yes,2,Arts,Loan,Alone,11,16,Music,Volunteer,Dropout
0.10154542264137945,149,Yes,Yes,Yes,3,Other,Scholarship,Alone,30,15,Sports,StudentCouncil,Dropout
0.6246103894647614,299,No,No,No,1,Arts,Parents,Alone,100,18,Other,None,Dropout
2.86388891538959,35,No,No,Yes,4,Arts,Parents,Parents,16,23,Sports,Volunteer,Dropout
2.6356957676406054,332,No,No,No,2,Arts,Self,Alone,76,23,Other,Club,Dropout
0.10838397001393396,286,No,No,Yes,1,Arts,Loan,Alone,9,7,Arts,None,Dropout
0.8878886477317978,302,No,Yes,Yes,2,Science,Parents,Alone,110,5,Other,Club,Dropout
0.9242991863522856,310,Yes,No,No,2,Other,Parents,Alone,96,5,Arts,Club,Dropout
2.6875709743949137,207,No,Yes,No,2,Other,Loan,Parents,73,20,Sports,Volunteer,Dropout
0.07884215101745662,105,No,No,No,1,Science,Scholarship,Alone,53,28,Arts,Club,Dropout
0.4164343279382954,157,No,Yes,No,3,Science,Loan,Alone,30,8,Music,None,Dropout
3.1996643414927575,120,No,Yes,No,1,Other,Scholarship,Alone,9,3,Arts,StudentCouncil,Graduate
0.7141786482173345,54,Yes,Yes,No,2,Arts,Parents,Parents,26,25,Other,Volunteer,Dropout
2.610984431407499,11,Yes,No,No,1,Arts,Parents,Alone,83,11,Other,None,Dropout
0.9527311241869061,144,Yes,Yes,Yes,4,Other,Parents,Alone,17,27,Other,Volunteer,Dropout
0.39776557103738064,135,No,Yes,Yes,3,Arts,Self,Alone,32,11,Arts,Club,Dropout
0.9726887639978163,2,No,No,Yes,1,Science,Self,Alone,37,22,Other,Club,Dropout
2.8890677274226366,143,Yes,Yes,No,4,Arts,Self,Parents,111,16,Other,None,Dropout
3.422785872425143,29,Yes,No,No,3,Arts,Loan,Alone,27,14,Music,None,Graduate
3.3208794582679664,236,Yes,No,No,4,Arts,Parents,Alone,101,8,Arts,StudentCouncil,Graduate
1.5887341184738193,278,No,Yes,Yes,3,Other,Parents,Parents,111,6,Music,None,Dropout
2.6723405462825847,347,No,Yes,No,1,Science,Loan,Parents,22,9,Other,None,Dropout
0.8199371816632839,114,Yes,No,No,4,Arts,Self,Parents,118,15,Other,Volunteer,Dropout
1.172590921044053,103,Yes,Yes,Yes,2,Other,Loan,Alone,34,11,Other,Club,Dropout
3.585343274084479,117,Yes,No,No,4,Arts,Self,Parents,30,24,Arts,None,Graduate
0.05200769404294414,4,No,No,Yes,3,Science,Parents,Alone,20,6,Sports,StudentCouncil,Dropout
0.3420341234178723,359,No,No,Yes,1,Arts,Scholarship,Parents,81,17,Other,None,Dropout
0.8315450205841093,247,No,Yes,No,3,Science,Self,Alone,43,14,Other,Club,Dropout
0.10612881549527886,363,Yes,No,No,4,Arts,Parents,Parents,37,5,Other,None,Dropout
0.7257417403591893,320,Yes,Yes,No,4,Science,Parents,Alone,30,25,Other,Volunteer,Dropout
2.3321662438787687,120,No,Yes,Yes,2,Arts,Scholarship,Parents,52,11,Arts,Club,Dropout
1.6856982023699918,285,Yes,Yes,Yes,1,Science,Parents,Alone,69,10,Sports,None,Dropout
3.5706868443078994,148,No,Yes,Yes,1,Arts,Parents,Alone,117,19,Sports,Volunteer,Graduate
3.2697742469537636,83,Yes,No,No,4,Arts,Self,Alone,42,2,Sports,Club,Graduate
1.3672694067915039,230,Yes,Yes,No,1,Other,Self,Alone,6,1,Other,None,Dropout
1.03769373372517,287,Yes,No,No,2,Other,Scholarship,Alone,117,5,Other,Volunteer,Dropout
1.5187696326690676,160,Yes,No,No,3,Science,Scholarship,Alone,10,23,Sports,StudentCouncil,Dropout
2.361179770059231,271,No,Yes,Yes,1,Arts,Parents,Alone,50,21,Sports,Volunteer,Dropout
1.072254563291505,37,Yes,No,Yes,4,Science,Self,Alone,54,24,Other,StudentCouncil,Dropout
2.496595631396536,225,No,No,Yes,3,Other,Scholarship,Parents,42,29,Other,None,Dropout
1.6376466087649617,141,No,Yes,Yes,3,Science,Scholarship,Alone,110,4,Music,Volunteer,Dropout
2.208188723407921,291,No,No,No,2,Science,Loan,Alone,92,17,Music,StudentCouncil,Dropout
1.7445061165412667,150,Yes,No,No,4,Other,Scholarship,Parents,22,15,Music,Club,Dropout
1.1778630381676707,113,No,No,No,1,Arts,Parents,Alone,31,7,Sports,Volunteer,Dropout
3.7938132278486267,236,No,No,Yes,4,Science,Self,Parents,45,24,Arts,None,Graduate
3.0544231766390433,65,No,Yes,Yes,3,Other,Scholarship,Alone,76,29,Other,Club,Graduate
0.5604527030658102,360,Yes,No,No,4,Arts,Loan,Parents,96,25,Music,StudentCouncil,Dropout
3.473871903591651,340,Yes,No,No,1,Other,Self,Parents,78,19,Arts,Volunteer,Graduate
1.9497247929980546,257,No,No,Yes,1,Science,Scholarship,Alone,21,21,Other,Volunteer,Dropout
3.5782089075763657,248,Yes,No,No,2,Arts,Loan,Parents,66,10,Arts,None,Graduate
3.199421023789261,330,No,Yes,Yes,1,Arts,Scholarship,Alone,33,9,Sports,Club,Graduate
1.7008540178769338,322,No,No,Yes,1,Other,Self,Alone,62,23,Sports,Volunteer,Dropout
0.08987723328046959,179,Yes,Yes,Yes,4,Other,Self,Alone,74,24,Sports,Volunteer,Dropout
1.0747094375397843,189,No,No,No,4,Other,Self,Alone,82,11,Music,Club,Dropout
2.1665368586434677,153,Yes,Yes,No,3,Arts,Parents,Parents,26,20,Other,Volunteer,Dropout
2.533912879304589,195,Yes,Yes,Yes,2,Arts,Scholarship,Alone,10,27,Sports,Club,Dropout
1.0315507417328091,310,No,Yes,No,4,Science,Parents,Parents,30,5,Music,Club,Dropout
0.5574242962912965,261,Yes,Yes,Yes,1,Arts,Self,Parents,43,26,Music,Club,Dropout
3.3397209471971965,142,Yes,Yes,Yes,3,Science,Loan,Alone,16,19,Music,None,Graduate
3.9376087228142085,341,No,No,Yes,4,Other,Scholarship,Alone,103,4,Music,Club,Graduate
2.1027607292107433,315,No,No,Yes,2,Other,Parents,Alone,18,22,Sports,Club,Dropout
0.686717143393214,100,Yes,No,No,2,Arts,Scholarship,Alone,26,8,Music,StudentCouncil,Dropout
1.0892293060774758,243,Yes,Yes,Yes,3,Other,Loan,Parents,55,25,Sports,StudentCouncil,Dropout
0.07356270618986693,11,No,No,Yes,3,Other,Parents,Alone,27,26,Sports,None,Dropout
3.657195226241996,238,Yes,Yes,No,3,Arts,Self,Parents,52,28,Music,Club,Graduate
0.47100433156056454,48,Yes,Yes,Yes,3,Science,Parents,Alone,75,15,Sports,StudentCouncil,Dropout
2.3060659020570142,41,Yes,No,Yes,3,Arts,Scholarship,Alone,108,21,Other,StudentCouncil,Dropout
1.096220882748824,165,Yes,No,No,1,Science,Scholarship,Alone,54,13,Other,Volunteer,Dropout
2.2167120100631736,81,Yes,Yes,No,1,Arts,Scholarship,Alone,93,21,Arts,Club,Dropout
2.605681553407457,290,Yes,Yes,No,4,Arts,Scholarship,Parents,17,7,Other,StudentCouncil,Dropout
3.3189672148288065,157,Yes,No,Yes,2,Other,Self,Parents,89,26,Sports,None,Graduate
0.8256850870424128,215,No,No,No,1,Arts,Parents,Alone,109,19,Sports,Volunteer,Dropout
0.04398331463392191,157,No,No,No,1,Arts,Self,Parents,14,18,Other,Volunteer,Dropout
0.5475425202752291,133,No,No,Yes,1,Science,Self,Parents,59,13,Music,Club,Dropout
3.6000745673924204,66,No,Yes,Yes,4,Other,Self,Alone,13,6,Music,Club,Graduate
3.495560310250061,335,No,No,Yes,3,Science,Scholarship,Alone,83,4,Sports,Volunteer,Graduate
2.389652408681233,6,Yes,No,Yes,4,Science,Scholarship,Parents,56,17,Music,None,Dropout
2.4020674417346135,13,Yes,No,Yes,2,Other,Scholarship,Parents,6,1,Arts,Club,Dropout
2.660146698185022,72,Yes,Yes,No,2,Other,Parents,Parents,29,10,Arts,Club,Dropout
0.7014851144937984,162,Yes,Yes,No,2,Other,Loan,Parents,17,21,Other,Volunteer,Dropout
3.657647783699839,65,No,Yes,No,2,Arts,Scholarship,Alone,102,7,Other,Volunteer,Graduate
1.6750820995682925,346,Yes,Yes,Yes,1,Other,Parents,Alone,55,0,Music,Club,Dropout
1.5325541129979898,129,Yes,No,Yes,1,Other,Scholarship,Parents,62,26,Sports,StudentCouncil,Dropout
2.07567082113135,205,No,Yes,Yes,4,Other,Scholarship,Alone,38,21,Other,Club,Dropout
0.18786386710022018,275,Yes,No,No,3,Science,Self,Parents,39,11,Arts,StudentCouncil,Dropout
0.6651334750243176,255,Yes,No,No,2,Science,Self,Parents,106,1,Other,Volunteer,Dropout
2.9521344657054818,265,No,No,Yes,4,Arts,Self,Alone,7,17,Other,StudentCouncil,Dropout
0.33119467170050587,24,Yes,No,No,1,Science,Parents,Parents,110,6,Arts,None,Dropout
2.412608437865553,280,Yes,Yes,Yes,1,Arts,Loan,Parents,63,25,Sports,Volunteer,Dropout
0.9813964387252838,252,Yes,Yes,No,3,Science,Loan,Alone,74,16,Other,Club,Dropout
1.5571824561679062,309,Yes,Yes,No,3,Other,Parents,Alone,52,21,Other,Club,Dropout
1.1547749470827995,288,Yes,No,No,3,Science,Scholarship,Parents,68,29,Other,Volunteer,Dropout
1.4226908658597965,163,No,No,Yes,4,Arts,Parents,Parents,117,22,Music,Volunteer,Dropout
2.876183620736982,94,No,No,No,1,Science,Scholarship,Alone,23,13,Other,None,Dropout
1.1884868624927,269,No,No,No,1,Other,Parents,Parents,71,23,Arts,Volunteer,Dropout
2.2656185611875888,320,No,No,Yes,3,Arts,Parents,Parents,86,6,Sports,Club,Dropout
1.9042016087963987,109,No,Yes,No,2,Other,Parents,Alone,107,21,Sports,None,Dropout
2.6546846614505926,335,No,No,Yes,3,Other,Loan,Alone,77,24,Arts,Club,Dropout
3.747318957299032,309,Yes,Yes,Yes,4,Arts,Self,Alone,80,28,Music,StudentCouncil,Graduate
2.930288388841001,237,No,No,Yes,3,Other,Parents,Alone,9,2,Arts,Volunteer,Dropout
0.8597615143630271,24,No,No,Yes,3,Other,Loan,Alone,71,26,Sports,StudentCouncil,Dropout
0.12473254024513869,140,Yes,Yes,Yes,4,Science,Self,Alone,15,5,Arts,Club,Dropout
1.0490561771993003,116,Yes,Yes,No,3,Other,Self,Parents,98,19,Music,StudentCouncil,Dropout
2.3803117228010193,24,No,No,Yes,1,Other,Parents,Parents,72,1,Sports,StudentCouncil,Dropout
0.2057032539370014,78,Yes,No,Yes,2,Other,Scholarship,Alone,73,16,Music,Club,Dropout
1.9854649888049454,67,No,No,Yes,3,Other,Scholarship,Alone,5,11,Arts,Club,Dropout
2.387371395667557,172,Yes,No,Yes,4,Arts,Scholarship,Parents,95,11,Other,Volunteer,Dropout
1.3369755632678433,11,No,Yes,No,2,Science,Parents,Parents,96,29,Arts,StudentCouncil,Dropout
3.0836488149832877,287,Yes,No,Yes,4,Other,Scholarship,Parents,67,16,Music,None,Graduate
0.4263930125350872,127,Yes,Yes,No,2,Other,Loan,Alone,33,26,Arts,None,Dropout
0.30055112694323505,95,No,No,Yes,2,Arts,Loan,Alone,86,9,Other,Club,Dropout
2.9127550248144134,91,No,Yes,No,3,Other,Loan,Parents,16,2,Music,Club,Dropout
1.9819652648247938,140,No,Yes,Yes,1,Arts,Loan,Alone,81,19,Arts,StudentCouncil,Dropout
2.753609585710944,30,No,No,Yes,3,Science,Self,Alone,45,17,Music,Club,Dropout
1.739309354414985,333,No,Yes,No,4,Science,Loan,Alone,6,12,Music,None,Dropout
0.9856081329564272,19,Yes,No,Yes,4,Other,Scholarship,Parents,41,11,Sports,Volunteer,Dropout
3.276409270696799,145,No,Yes,No,2,Other,Parents,Parents,49,26,Sports,Volunteer,Graduate
3.197663515875917,315,No,No,Yes,2,Other,Scholarship,Alone,84,26,Music,StudentCouncil,Graduate
2.778785883417707,159,Yes,Yes,No,1,Arts,Loan,Alone,52,29,Arts,Volunteer,Dropout
1.0885805489198508,348,Yes,No,Yes,3,Other,Self,Alone,28,26,Arts,Club,Dropout
2.3609226674763484,42,No,No,Yes,4,Other,Loan,Alone,103,16,Arts,Club,Dropout
1.4438955877601072,253,Yes,Yes,No,2,Science,Parents,Alone,26,3,Other,Club,Dropout
0.3663282933065366,129,Yes,Yes,Yes,1,Other,Scholarship,Parents,104,22,Music,Club,Dropout
3.669254301848971,59,No,Yes,Yes,4,Science,Parents,Alone,15,9,Music,StudentCouncil,Graduate
0.5472745236758456,150,Yes,Yes,Yes,2,Other,Parents,Alone,62,10,Other,Volunteer,Dropout
3.8009494152832097,286,Yes,No,Yes,4,Science,Parents,Alone,50,5,Music,None,Graduate
1.784023091831823,4,No,Yes,Yes,1,Other,Scholarship,Parents,33,5,Music,Volunteer,Dropout
